,Rk,Wk,Date,Time,Day,Winner,Pts,,Loser,Pts,Notes
1,1,1,08/24/19,,Sat,(8) Florida,24,,Miami (FL),20,Camping World Stadium - Orlando Florida
2,2,1,08/24/19,,Sat,Hawaii,45,,Arizona,38,Aloha Stadium - Honolulu Hawaii
3,3,2,08/29/19,,Thu,Alabama-Birmingham,24,,Alabama State,19,Legion Field - Birmingham Alabama
4,4,2,08/29/19,,Thu,Arizona State,30,,Kent State,7,Sun Devil Stadium - Tempe Arizona
5,5,2,08/29/19,,Thu,Bowling Green State,46,,Morgan State,3,Doyt Perry Stadium - Bowling Green Ohio
6,6,2,08/29/19,,Thu,Buffalo,38,,Robert Morris,10,UB Stadium - Buffalo New York
7,7,2,08/29/19,,Thu,Central Arkansas,35,@,Western Kentucky,28,Houchens Industries-L.T. Smith Stadium - Bowling Green Kentucky
8,8,2,08/29/19,,Thu,(17) Central Florida,62,,Florida A&M,0,Spectrum Stadium - Orlando Florida
9,9,2,08/29/19,,Thu,Central Michigan,38,,Albany,21,Kelly/Shorts Stadium - Mount Pleasant Michigan
10,10,2,08/29/19,,Thu,Charlotte,49,,Gardner-Webb,28,Jerry Richardson Stadium - Charlotte North Carolina
11,11,2,08/29/19,,Thu,Cincinnati,24,,UCLA,14,Nippert Stadium - Cincinnati Ohio
12,12,2,08/29/19,,Thu,(1) Clemson,52,,Georgia Tech,14,Clemson Memorial Stadium - Clemson South Carolina
13,13,2,08/29/19,,Thu,Connecticut,24,,Wagner,21,Pratt & Whitney Stadium at Rentschler Field - East Hartford Connecticut
14,14,2,08/29/19,,Thu,Minnesota,28,,South Dakota State,21,TCF Bank Stadium - Minneapolis Minnesota
15,15,2,08/29/19,,Thu,San Jose State,35,,Northern Colorado,18,CEFCU Stadium - San Jose California
16,16,2,08/29/19,,Thu,(12) Texas A&M,41,,Texas State,7,Kyle Field - College Station Texas
17,17,2,08/29/19,,Thu,Tulane,42,,Florida International,14,Yulman Stadium - New Orleans Louisiana
18,18,2,08/29/19,,Thu,(14) Utah,30,@,Brigham Young,12,LaVell Edwards Stadium - Provo Utah
19,19,2,08/30/19,,Fri,Army,14,,Rice,7,Michie Stadium - West Point New York
20,20,2,08/30/19,,Fri,Colorado,52,,Colorado State,31,Empower Field at Mile High - Denver Colorado
21,21,2,08/30/19,,Fri,(18) Michigan State,28,,Tulsa,7,Spartan Stadium - East Lansing Michigan
22,22,2,08/30/19,,Fri,Nevada,34,,Purdue,31,MacKay Stadium - Reno Nevada
23,23,2,08/30/19,,Fri,Oklahoma State,52,@,Oregon State,36,Reser Stadium - Corvallis Oregon
24,24,2,08/30/19,,Fri,Rutgers,48,,Massachusetts,21,SHI Stadium - Piscataway New Jersey
25,25,2,08/30/19,,Fri,Wake Forest,38,,Utah State,35,BB&T Field - Winston-Salem North Carolina
26,26,2,08/30/19,,Fri,(19) Wisconsin,49,@,South Florida,0,Raymond James Stadium - Tampa Florida
27,27,2,08/31/19,,Sat,Air Force,48,,Colgate,7,Falcon Stadium - Colorado Springs Colorado
28,28,2,08/31/19,,Sat,(2) Alabama,42,,Duke,3,Mercedes-Benz Stadium - Atlanta Georgia
29,29,2,08/31/19,,Sat,Appalachian State,42,,East Tennessee State,7,Kidd Brewer Stadium - Boone North Carolina
30,30,2,08/31/19,,Sat,Arkansas,20,,Portland State,13,Donald W. Reynolds Razorback Stadium - Fayetteville Arkansas
31,31,2,08/31/19,,Sat,(16) Auburn,27,,(11) Oregon,21,AT&T Stadium - Arlington Texas
32,32,2,08/31/19,,Sat,Baylor,56,,Stephen F. Austin,17,McLane Stadium - Waco Texas
33,33,2,08/31/19,,Sat,Boise State,36,@,Florida State,31,Doak Campbell Stadium - Tallahassee Florida
34,34,2,08/31/19,,Sat,Boston College,35,,Virginia Tech,28,Alumni Stadium - Chestnut Hill Massachusetts
35,35,2,08/31/19,,Sat,California,27,,California-Davis,13,California Memorial Stadium - Berkeley California
36,36,2,08/31/19,,Sat,Eastern Michigan,30,@,Coastal Carolina,23,Brooks Stadium - Conway South Carolina
37,37,2,08/31/19,,Sat,(3) Georgia,30,@,Vanderbilt,6,Vanderbilt Stadium - Nashville Tennessee
38,38,2,08/31/19,,Sat,Georgia State,38,@,Tennessee,30,Neyland Stadium - Knoxville Tennessee
39,39,2,08/31/19,,Sat,Illinois,42,,Akron,3,Memorial Stadium - Champaign Illinois
40,40,2,08/31/19,,Sat,Indiana,34,,Ball State,24,Lucas Oil Stadium - Indianapolis Indiana
41,41,2,08/31/19,,Sat,(20) Iowa,38,,Miami (OH),14,Kinnick Stadium - Iowa City Iowa
42,42,2,08/31/19,,Sat,(21) Iowa State,29,,Northern Iowa,26,Jack Trice Stadium - Ames Iowa
43,43,2,08/31/19,,Sat,Kansas,24,,Indiana State,17,David Booth Kansas Memorial Stadium - Lawrence Kansas
44,44,2,08/31/19,,Sat,Kansas State,49,,Nicholls State,14,Bill Snyder Family Stadium - Manhattan Kansas
45,45,2,08/31/19,,Sat,Kentucky,38,,Toledo,24,Kroger Field - Lexington Kentucky
46,46,2,08/31/19,,Sat,(6) Louisiana State,55,,Georgia Southern,3,Tiger Stadium - Baton Rouge Louisiana
47,47,2,08/31/19,,Sat,Louisiana-Monroe,31,,Grambling State,9,Malone Stadium - Monroe Louisiana
48,48,2,08/31/19,,Sat,Marshall,56,,Virginia Military Institute,17,Joan C. Edwards Stadium - Huntington West Virginia
49,49,2,08/31/19,,Sat,Maryland,79,,Howard,0,Capital One Field at Maryland Stadium - College Park Maryland
50,50,2,08/31/19,,Sat,Memphis,15,,Mississippi,10,Liberty Bowl Memorial Stadium - Memphis Tennessee
51,51,2,08/31/19,,Sat,(7) Michigan,40,,Middle Tennessee State,21,Michigan Stadium - Ann Arbor Michigan
52,52,2,08/31/19,,Sat,Mississippi State,38,,Louisiana,28,Mercedes-Benz Superdome - New Orleans Louisiana
53,53,2,08/31/19,,Sat,Navy,45,,Holy Cross,7,Navy-Marine Corps Memorial Stadium - Annapolis Maryland
54,54,2,08/31/19,,Sat,(24) Nebraska,35,,South Alabama,21,Memorial Stadium - Lincoln Nebraska
55,55,2,08/31/19,,Sat,Nevada-Las Vegas,56,,Southern Utah,23,Sam Boyd Stadium - Las Vegas Nevada
56,56,2,08/31/19,,Sat,New Mexico,39,,Sam Houston State,31,Dreamstyle Stadium - Albuquerque New Mexico
57,57,2,08/31/19,,Sat,North Carolina,24,,South Carolina,20,Bank of America Stadium - Charlotte North Carolina
58,58,2,08/31/19,,Sat,North Carolina State,34,,East Carolina,6,Carter-Finley Stadium - Raleigh North Carolina
59,59,2,08/31/19,,Sat,North Texas,51,,Abilene Christian,31,Apogee Stadium - Denton Texas
60,60,2,08/31/19,,Sat,Northern Illinois,24,,Illinois State,10,Huskie Stadium - DeKalb Illinois
61,61,2,08/31/19,,Sat,Ohio,41,,Rhode Island,20,Peden Stadium - Athens Ohio
62,62,2,08/31/19,,Sat,(5) Ohio State,45,,Florida Atlantic,21,Ohio Stadium - Columbus Ohio
63,63,2,08/31/19,,Sat,Old Dominion,24,,Norfolk State,21,Foreman Field at S.B. Ballard Stadium - Norfolk Virginia
64,64,2,08/31/19,,Sat,(15) Penn State,79,,Idaho,7,Beaver Stadium - University Park Pennsylvania
65,65,2,08/31/19,,Sat,San Diego State,6,,Weber State,0,SDCCU Stadium - San Diego California
66,66,2,08/31/19,,Sat,Southern California,31,,Fresno State,23,Los Angeles Memorial Coliseum - Los Angeles California
67,67,2,08/31/19,,Sat,Southern Methodist,37,@,Arkansas State,30,Centennial Bank Stadium - Jonesboro Arkansas
68,68,2,08/31/19,,Sat,Southern Mississippi,38,,Alcorn State,10,M. M. Roberts Stadium - Hattiesburg Mississippi
69,69,2,08/31/19,,Sat,(25) Stanford,17,,Northwestern,7,Stanford Stadium - Stanford California
70,70,2,08/31/19,,Sat,(22) Syracuse,24,@,Liberty,0,Williams Stadium - Lynchburg Virginia
71,71,2,08/31/19,,Sat,Temple,56,,Bucknell,12,Lincoln Financial Field - Philadelphia Pennsylvania
72,72,2,08/31/19,,Sat,(10) Texas,45,,Louisiana Tech,14,Darrell K Royal-Texas Memorial Stadium - Austin Texas
73,73,2,08/31/19,,Sat,Texas Christian,39,,Arkansas-Pine Bluff,7,Amon G. Carter Stadium - Fort Worth Texas
74,74,2,08/31/19,,Sat,Texas Tech,45,,Montana State,10,Jones AT&T Stadium - Lubbock Texas
75,75,2,08/31/19,,Sat,Texas-El Paso,36,,Houston Baptist,34,Sun Bowl - El Paso Texas
76,76,2,08/31/19,,Sat,Texas-San Antonio,35,,Incarnate Word,7,Alamodome - San Antonio Texas
77,77,2,08/31/19,,Sat,Troy,43,,Campbell,14,Veterans Memorial Stadium - Troy Alabama
78,78,2,08/31/19,,Sat,Virginia,30,@,Pittsburgh,14,Heinz Field - Pittsburgh Pennsylvania
79,79,2,08/31/19,,Sat,(13) Washington,47,,Eastern Washington,14,Husky Stadium - Seattle Washington
80,80,2,08/31/19,,Sat,(23) Washington State,58,,New Mexico State,7,Martin Stadium - Pullman Washington
81,81,2,08/31/19,,Sat,West Virginia,20,,James Madison,13,Mountaineer Field at Milan Puskar Stadium - Morgantown West Virginia
82,82,2,08/31/19,,Sat,Western Michigan,48,,Monmouth,13,Waldo Stadium - Kalamazoo Michigan
83,83,2,08/31/19,,Sat,Wyoming,37,,Missouri,31,Jonah Field War Memorial Stadium - Laramie Wyoming
84,84,2,09/01/19,,Sun,(4) Oklahoma,49,,Houston,31,Gaylord Family - Oklahoma Memorial Stadium - Norman Oklahoma
85,85,2,09/02/19,,Mon,(9) Notre Dame,35,@,Louisville,17,Cardinal Stadium - Louisville Kentucky
86,86,3,09/06/19,,Fri,Arizona State,19,,Sacramento State,7,Sun Devil Stadium - Tempe Arizona
87,87,3,09/06/19,,Fri,(24) Boise State,14,,Marshall,7,Albertsons Stadium - Boise Idaho
88,88,3,09/06/19,,Fri,Virginia,52,,William & Mary,17,Scott Stadium - Charlottesville Virginia
89,89,3,09/06/19,,Fri,Wake Forest,41,@,Rice,21,Rice Stadium - Houston Texas
90,90,3,09/07/19,,Sat,(2) Alabama,62,,New Mexico State,10,Bryant-Denny Stadium - Tuscaloosa Alabama
91,91,3,09/07/19,,Sat,Alabama-Birmingham,31,@,Akron,20,InfoCision Stadium - Akron Ohio
92,92,3,09/07/19,,Sat,Appalachian State,56,,Charlotte,41,Kidd Brewer Stadium - Boone North Carolina
93,93,3,09/07/19,,Sat,Arizona,65,,Northern Arizona,41,Arizona Stadium - Tucson Arizona
94,94,3,09/07/19,,Sat,Arkansas State,43,@,Nevada-Las Vegas,17,Sam Boyd Stadium - Las Vegas Nevada
95,95,3,09/07/19,,Sat,(10) Auburn,24,,Tulane,6,Jordan-Hare Stadium - Auburn Alabama
96,96,3,09/07/19,,Sat,Ball State,57,,Fordham,29,Scheumann Stadium - Muncie Indiana
97,97,3,09/07/19,,Sat,Baylor,63,,Texas-San Antonio,14,McLane Stadium - Waco Texas
98,98,3,09/07/19,,Sat,Boston College,45,,Richmond,13,Alumni Stadium - Chestnut Hill Massachusetts
99,99,3,09/07/19,,Sat,Brigham Young,29,@,Tennessee,26,Neyland Stadium - Knoxville Tennessee
100,100,3,09/07/19,,Sat,California,20,@,(14) Washington,19,Husky Stadium - Seattle Washington
101,101,3,09/07/19,,Sat,(18) Central Florida,48,@,Florida Atlantic,14,FAU Football Stadium - Boca Raton Florida
102,102,3,09/07/19,,Sat,(1) Clemson,24,,(12) Texas A&M,10,Clemson Memorial Stadium - Clemson South Carolina
103,103,3,09/07/19,,Sat,Coastal Carolina,12,@,Kansas,7,David Booth Kansas Memorial Stadium - Lawrence Kansas
104,104,3,09/07/19,,Sat,Colorado,34,,(25) Nebraska,31,Folsom Field - Boulder Colorado
105,105,3,09/07/19,,Sat,Colorado State,38,,Western Illinois,13,Sonny Lubrick Field at Canvas Stadium - Fort Collins Colorado
106,106,3,09/07/19,,Sat,Duke,45,,North Carolina A&T,13,Wallace Wade Stadium - Durham North Carolina
107,107,3,09/07/19,,Sat,East Carolina,48,,Gardner-Webb,9,Dowdy-Ficklen Stadium - Greenville North Carolina
108,108,3,09/07/19,,Sat,(11) Florida,45,,Tennessee-Martin,0,Ben Hill Griffin Stadium - Gainesville Florida
109,109,3,09/07/19,,Sat,Florida State,45,,Louisiana-Monroe,44,Doak Campbell Stadium - Tallahassee Florida
110,110,3,09/07/19,,Sat,(3) Georgia,63,,Murray State,17,Sanford Stadium - Athens Georgia
111,111,3,09/07/19,,Sat,Georgia Southern,26,,Maine,18,Allen E. Paulson Stadium - Statesboro Georgia
112,112,3,09/07/19,,Sat,Georgia State,48,,Furman,42,Georgia State Stadium - Atlanta Georgia
113,113,3,09/07/19,,Sat,Georgia Tech,14,,South Florida,10,Bobby Dodd Stadium - Atlanta Georgia
114,114,3,09/07/19,,Sat,Hawaii,31,,Oregon State,28,Aloha Stadium - Honolulu Hawaii
115,115,3,09/07/19,,Sat,Houston,37,,Prairie View A&M,17,TDECU Stadium - Houston Texas
116,116,3,09/07/19,,Sat,Illinois,31,@,Connecticut,23,Pratt & Whitney Stadium at Rentschler Field - East Hartford Connecticut
117,117,3,09/07/19,,Sat,Indiana,52,,Eastern Illinois,0,"Memorial Stadium ""The Rock"" - Bloomington Indiana"
118,118,3,09/07/19,,Sat,(20) Iowa,30,,Rutgers,0,Kinnick Stadium - Iowa City Iowa
119,119,3,09/07/19,,Sat,Kansas State,52,,Bowling Green State,0,Bill Snyder Family Stadium - Manhattan Kansas
120,120,3,09/07/19,,Sat,Kent State,26,,Kennesaw State,23,Dix Stadium - Kent Ohio
121,121,3,09/07/19,,Sat,Kentucky,38,,Eastern Michigan,17,Kroger Field - Lexington Kentucky
122,122,3,09/07/19,,Sat,Louisiana,35,,Liberty,14,Cajun Field - Lafayette Louisiana
123,123,3,09/07/19,,Sat,(6) Louisiana State,45,@,(9) Texas,38,Darrell K Royal-Texas Memorial Stadium - Austin Texas
124,124,3,09/07/19,,Sat,Louisiana Tech,20,,Grambling State,14,Joe Aillet Stadium - Ruston Louisiana
125,125,3,09/07/19,,Sat,Louisville,42,,Eastern Kentucky,0,Cardinal Stadium - Louisville Kentucky
126,126,3,09/07/19,,Sat,Maryland,63,,(21) Syracuse,20,Capital One Field at Maryland Stadium - College Park Maryland
127,127,3,09/07/19,,Sat,Memphis,55,,Southern,24,Liberty Bowl Memorial Stadium - Memphis Tennessee
128,128,3,09/07/19,,Sat,Miami (OH),48,,Tennessee Tech,17,Fred Yager Stadium - Oxford Ohio
129,129,3,09/07/19,,Sat,(7) Michigan,24,,Army,21,Michigan Stadium - Ann Arbor Michigan
130,130,3,09/07/19,,Sat,(19) Michigan State,51,,Western Michigan,17,Spartan Stadium - East Lansing Michigan
131,131,3,09/07/19,,Sat,Middle Tennessee State,45,,Tennessee State,26,"Johnny ""Red"" Floyd Stadium - Murfreesboro Tennessee"
132,132,3,09/07/19,,Sat,Minnesota,38,@,Fresno State,35,Bulldog Stadium - Fresno California
133,133,3,09/07/19,,Sat,Mississippi,31,,Arkansas,17,Vaught-Hemingway Stadium - Oxford Mississippi
134,134,3,09/07/19,,Sat,Mississippi State,38,,Southern Mississippi,15,Davis Wade Stadium - Starkville Mississippi
135,135,3,09/07/19,,Sat,Missouri,38,,West Virginia,7,Faurot Field at Memorial Stadium - Columbia Missouri
136,136,3,09/07/19,,Sat,North Carolina,28,,Miami (FL),25,Kenan Memorial Stadium - Chapel Hill North Carolina
137,137,3,09/07/19,,Sat,North Carolina State,41,,Western Carolina,0,Carter-Finley Stadium - Raleigh North Carolina
138,138,3,09/07/19,,Sat,(5) Ohio State,42,,Cincinnati,0,Ohio Stadium - Columbus Ohio
139,139,3,09/07/19,,Sat,(4) Oklahoma,70,,South Dakota,14,Gaylord Family - Oklahoma Memorial Stadium - Norman Oklahoma
140,140,3,09/07/19,,Sat,Oklahoma State,56,,McNeese State,14,Boone Pickens Stadium - Stillwater Oklahoma
141,141,3,09/07/19,,Sat,(16) Oregon,77,,Nevada,6,Autzen Stadium - Eugene Oregon
142,142,3,09/07/19,,Sat,(15) Penn State,45,,Buffalo,13,Beaver Stadium - University Park Pennsylvania
143,143,3,09/07/19,,Sat,Pittsburgh,20,,Ohio,10,Heinz Field - Pittsburgh Pennsylvania
144,144,3,09/07/19,,Sat,Purdue,42,,Vanderbilt,24,Ross-Ade Stadium - West Lafayette Indiana
145,145,3,09/07/19,,Sat,San Diego State,23,@,UCLA,14,Rose Bowl - Pasadena California
146,146,3,09/07/19,,Sat,South Alabama,37,,Jackson State,14,Ladd-Peebles Stadium - Mobile Alabama
147,147,3,09/07/19,,Sat,South Carolina,72,,Charleston Southern,10,Williams-Brice Stadium - Columbia South Carolina
148,148,3,09/07/19,,Sat,Southern California,45,,(23) Stanford,20,Los Angeles Memorial Coliseum - Los Angeles California
149,149,3,09/07/19,,Sat,Southern Illinois,45,@,Massachusetts,20,Warren McGuirk Alumni Stadium - Amherst Massachusetts
150,150,3,09/07/19,,Sat,Southern Methodist,49,,North Texas,27,Gerald J. Ford Stadium - Dallas Texas
151,151,3,09/07/19,,Sat,Texas Tech,38,,Texas-El Paso,3,Jones AT&T Stadium - Lubbock Texas
152,152,3,09/07/19,,Sat,Tulsa,34,@,San Jose State,16,CEFCU Stadium - San Jose California
153,153,3,09/07/19,,Sat,(13) Utah,35,,Northern Illinois,17,Rice-Eccles Stadium - Salt Lake City Utah
154,154,3,09/07/19,,Sat,Utah State,62,,Stony Brook,7,Merlin Olsen Field at Maverik Stadium - Logan Utah
155,155,3,09/07/19,,Sat,Virginia Tech,31,,Old Dominion,17,Lane Stadium - Blacksburg Virginia
156,156,3,09/07/19,,Sat,(22) Washington State,59,,Northern Colorado,17,Martin Stadium - Pullman Washington
157,157,3,09/07/19,,Sat,Western Kentucky,20,@,Florida International,14,Riccardo Silva Stadium - Miami Florida
158,158,3,09/07/19,,Sat,(17) Wisconsin,61,,Central Michigan,0,Camp Randall Stadium - Madison Wisconsin
159,159,3,09/07/19,,Sat,Wyoming,23,@,Texas State,14,Bobcat Stadium - San Marcos Texas
160,160,4,09/13/19,,Fri,Kansas,48,@,Boston College,24,Alumni Stadium - Chestnut Hill Massachusetts
161,161,4,09/13/19,,Fri,Wake Forest,24,,North Carolina,18,BB&T Field - Winston-Salem North Carolina
162,162,4,09/13/19,,Fri,(20) Washington State,31,,Houston,24,NRG Stadium - Houston Texas
163,163,4,09/14/19,,Sat,Air Force,30,@,Colorado,23,Folsom Field - Boulder Colorado
164,164,4,09/14/19,,Sat,(2) Alabama,47,@,South Carolina,23,Williams-Brice Stadium - Columbia South Carolina
165,165,4,09/14/19,,Sat,Arizona,28,,Texas Tech,14,Arizona Stadium - Tucson Arizona
166,166,4,09/14/19,,Sat,Arizona State,10,@,(18) Michigan State,7,Spartan Stadium - East Lansing Michigan
167,167,4,09/14/19,,Sat,Arkansas,55,,Colorado State,34,Donald W. Reynolds Razorback Stadium - Fayetteville Arkansas
168,168,4,09/14/19,,Sat,Army,31,@,Texas-San Antonio,13,Alamodome - San Antonio Texas
169,169,4,09/14/19,,Sat,(8) Auburn,55,,Kent State,16,Jordan-Hare Stadium - Auburn Alabama
170,170,4,09/14/19,,Sat,(22) Boise State,45,,Portland State,10,Albertsons Stadium - Boise Idaho
171,171,4,09/14/19,,Sat,Brigham Young,30,,(24) Southern California,27,LaVell Edwards Stadium - Provo Utah
172,172,4,09/14/19,,Sat,California,23,,North Texas,17,California Memorial Stadium - Berkeley California
173,173,4,09/14/19,,Sat,(17) Central Florida,45,,Stanford,27,Spectrum Stadium - Orlando Florida
174,174,4,09/14/19,,Sat,Central Michigan,45,,Akron,24,Kelly/Shorts Stadium - Mount Pleasant Michigan
175,175,4,09/14/19,,Sat,Charlotte,52,,Massachusetts,17,Jerry Richardson Stadium - Charlotte North Carolina
176,176,4,09/14/19,,Sat,Cincinnati,35,,Miami (OH),13,Nippert Stadium - Cincinnati Ohio
177,177,4,09/14/19,,Sat,Citadel,27,@,Georgia Tech,24,Bobby Dodd Stadium - Atlanta Georgia
178,178,4,09/14/19,,Sat,(1) Clemson,41,@,Syracuse,6,Carrier Dome - Syracuse New York
179,179,4,09/14/19,,Sat,Coastal Carolina,46,,Norfolk State,7,Brooks Stadium - Conway South Carolina
180,180,4,09/14/19,,Sat,Duke,41,@,Middle Tennessee State,18,"Johnny ""Red"" Floyd Stadium - Murfreesboro Tennessee"
181,181,4,09/14/19,,Sat,Eastern Michigan,34,@,Illinois,31,Memorial Stadium - Champaign Illinois
182,182,4,09/14/19,,Sat,(9) Florida,29,@,Kentucky,21,Kroger Field - Lexington Kentucky
183,183,4,09/14/19,,Sat,Florida Atlantic,41,@,Ball State,31,Scheumann Stadium - Muncie Indiana
184,184,4,09/14/19,,Sat,Florida International,30,,New Hampshire,17,Riccardo Silva Stadium - Miami Florida
185,185,4,09/14/19,,Sat,(3) Georgia,55,,Arkansas State,0,Sanford Stadium - Athens Georgia
186,186,4,09/14/19,,Sat,(19) Iowa,18,@,Iowa State,17,Jack Trice Stadium - Ames Iowa
187,187,4,09/14/19,,Sat,Kansas State,31,@,Mississippi State,24,Davis Wade Stadium - Starkville Mississippi
188,188,4,09/14/19,,Sat,Liberty,35,,Buffalo,17,Williams Stadium - Lynchburg Virginia
189,189,4,09/14/19,,Sat,Louisiana,77,,Texas Southern,6,Cajun Field - Lafayette Louisiana
190,190,4,09/14/19,,Sat,(4) Louisiana State,65,,Northwestern State,14,Tiger Stadium - Baton Rouge Louisiana
191,191,4,09/14/19,,Sat,Louisiana Tech,35,@,Bowling Green State,7,Doyt Perry Stadium - Bowling Green Ohio
192,192,4,09/14/19,,Sat,Louisville,38,,Western Kentucky,21,Nissan Stadium - Nashville Tennessee
193,193,4,09/14/19,,Sat,Marshall,33,,Ohio,31,Joan C. Edwards Stadium - Huntington West Virginia
194,194,4,09/14/19,,Sat,Memphis,42,@,South Alabama,6,Ladd-Peebles Stadium - Mobile Alabama
195,195,4,09/14/19,,Sat,Miami (FL),63,,Bethune-Cookman,0,Hard Rock Stadium - Miami Gardens Florida
196,196,4,09/14/19,,Sat,Minnesota,35,,Georgia Southern,32,TCF Bank Stadium - Minneapolis Minnesota
197,197,4,09/14/19,,Sat,Mississippi,40,,Southeastern Louisiana,29,Vaught-Hemingway Stadium - Oxford Mississippi
198,198,4,09/14/19,,Sat,Missouri,50,,Southeast Missouri State,0,Memorial Stadium/Faurot Field - Columbia Missouri
199,199,4,09/14/19,,Sat,Navy,42,,East Carolina,10,Navy-Marine Corps Memorial Stadium - Annapolis Maryland
200,200,4,09/14/19,,Sat,Nebraska,44,,Northern Illinois,8,Memorial Stadium - Lincoln Nebraska
201,201,4,09/14/19,,Sat,Nevada,19,,Weber State,13,MacKay Stadium - Reno Nevada
202,202,4,09/14/19,,Sat,Northwestern,30,,Nevada-Las Vegas,14,Ryan Field - Evanston Illinois
203,203,4,09/14/19,,Sat,(7) Notre Dame,66,,New Mexico,14,Notre Dame Stadium - South Bend Indiana
204,204,4,09/14/19,,Sat,(6) Ohio State,51,@,Indiana,10,"Memorial Stadium ""The Rock"" - Bloomington Indiana"
205,205,4,09/14/19,,Sat,(5) Oklahoma,48,@,UCLA,14,Rose Bowl - Pasadena California
206,206,4,09/14/19,,Sat,Oklahoma State,40,@,Tulsa,21,Skelly Field at H.A. Chapman Stadium - Tulsa Oklahoma
207,207,4,09/14/19,,Sat,(15) Oregon,35,,Montana,3,Autzen Stadium - Eugene Oregon
208,208,4,09/14/19,,Sat,Oregon State,45,,Cal Poly,7,Reser Stadium - Corvallis Oregon
209,209,4,09/14/19,,Sat,(13) Penn State,17,,Pittsburgh,10,Beaver Stadium - University Park Pennsylvania
210,210,4,09/14/19,,Sat,San Diego State,31,@,New Mexico State,10,Aggie Memorial Stadium - Las Cruces New Mexico
211,211,4,09/14/19,,Sat,South Florida,55,,South Carolina State,16,Raymond James Stadium - Tampa Florida
212,212,4,09/14/19,,Sat,Southern Methodist,47,,Texas State,17,Gerald J. Ford Stadium - Dallas Texas
213,213,4,09/14/19,,Sat,Southern Mississippi,47,@,Troy,42,Veterans Memorial Stadium - Troy Alabama
214,214,4,09/14/19,,Sat,Temple,20,,(21) Maryland,17,Lincoln Financial Field - Philadelphia Pennsylvania
215,215,4,09/14/19,,Sat,Tennessee,45,,Chattanooga,0,Neyland Stadium - Knoxville Tennessee
216,216,4,09/14/19,,Sat,(12) Texas,48,,Rice,13,NRG Stadium - Houston Texas
217,217,4,09/14/19,,Sat,(16) Texas A&M,62,,Lamar,3,Kyle Field - College Station Texas
218,218,4,09/14/19,,Sat,Texas Christian,34,@,Purdue,13,Ross-Ade Stadium - West Lafayette Indiana
219,219,4,09/14/19,,Sat,Toledo,45,,Murray State,0,Glass Bowl - Toledo Ohio
220,220,4,09/14/19,,Sat,Tulane,58,,Missouri State,6,Yulman Stadium - New Orleans Louisiana
221,221,4,09/14/19,,Sat,(11) Utah,31,,Idaho State,0,Rice-Eccles Stadium - Salt Lake City Utah
222,222,4,09/14/19,,Sat,(25) Virginia,31,,Florida State,24,Scott Stadium - Charlottesville Virginia
223,223,4,09/14/19,,Sat,Virginia Tech,24,,Furman,17,Lane Stadium - Blacksburg Virginia
224,224,4,09/14/19,,Sat,(23) Washington,52,,Hawaii,20,Husky Stadium - Seattle Washington
225,225,4,09/14/19,,Sat,West Virginia,44,,North Carolina State,27,Mountaineer Field at Milan Puskar Stadium - Morgantown West Virginia
226,226,4,09/14/19,,Sat,Western Michigan,57,,Georgia State,10,Waldo Stadium - Kalamazoo Michigan
227,227,4,09/14/19,,Sat,Wyoming,21,,Idaho,16,Jonah Field War Memorial Stadium - Laramie Wyoming
228,228,5,09/19/19,,Thu,Tulane,38,,Houston,31,Yulman Stadium - New Orleans Louisiana
229,229,5,09/20/19,,Fri,(20) Boise State,30,,Air Force,19,Albertsons Stadium - Boise Idaho
230,230,5,09/20/19,,Fri,Louisiana Tech,43,,Florida International,31,Joe Aillet Stadium - Ruston Louisiana
231,231,5,09/20/19,,Fri,Southern California,30,,(10) Utah,23,Los Angeles Memorial Coliseum - Los Angeles California
232,232,5,09/21/19,,Sat,(2) Alabama,49,,Southern Mississippi,7,Bryant-Denny Stadium - Tuscaloosa Alabama
233,233,5,09/21/19,,Sat,Alabama-Birmingham,35,,South Alabama,3,Legion Field - Birmingham Alabama
234,234,5,09/21/19,,Sat,Appalachian State,34,@,North Carolina,31,Kenan Memorial Stadium - Chapel Hill North Carolina
235,235,5,09/21/19,,Sat,Arkansas State,41,,Southern Illinois,28,Centennial Bank Stadium - Jonesboro Arkansas
236,236,5,09/21/19,,Sat,Army,52,,Morgan State,21,Michie Stadium - West Point New York
237,237,5,09/21/19,,Sat,(8) Auburn,28,@,(17) Texas A&M,20,Kyle Field - College Station Texas
238,238,5,09/21/19,,Sat,Baylor,21,@,Rice,13,Rice Stadium - Houston Texas
239,239,5,09/21/19,,Sat,Boston College,30,@,Rutgers,16,SHI Stadium - Piscataway New Jersey
240,240,5,09/21/19,,Sat,Buffalo,38,,Temple,22,UB Stadium - Buffalo New York
241,241,5,09/21/19,,Sat,(23) California,28,@,Mississippi,20,Vaught-Hemingway Stadium - Oxford Mississippi
242,242,5,09/21/19,,Sat,(1) Clemson,52,,Charlotte,10,Clemson Memorial Stadium - Clemson South Carolina
243,243,5,09/21/19,,Sat,Coastal Carolina,62,@,Massachusetts,28,Warren McGuirk Alumni Stadium - Amherst Massachusetts
244,244,5,09/21/19,,Sat,Colorado,34,@,(24) Arizona State,31,Sun Devil Stadium - Tempe Arizona
245,245,5,09/21/19,,Sat,East Carolina,19,,William & Mary,7,Dowdy-Ficklen Stadium - Greenville North Carolina
246,246,5,09/21/19,,Sat,Eastern Michigan,34,,Central Connecticut State,29,Rynearson Stadium - Ypsilanti Michigan
247,247,5,09/21/19,,Sat,(9) Florida,34,,Tennessee,3,Ben Hill Griffin Stadium - Gainesville Florida
248,248,5,09/21/19,,Sat,Florida Atlantic,42,,Wagner,7,FAU Football Stadium - Boca Raton Florida
249,249,5,09/21/19,,Sat,Florida State,35,,Louisville,24,Doak Campbell Stadium - Tallahassee Florida
250,250,5,09/21/19,,Sat,Fresno State,34,,Sacramento State,20,Bulldog Stadium - Fresno California
251,251,5,09/21/19,,Sat,(3) Georgia,23,,(7) Notre Dame,17,Sanford Stadium - Athens Georgia
252,252,5,09/21/19,,Sat,Hawaii,35,,Central Arkansas,16,Aloha Stadium - Honolulu Hawaii
253,253,5,09/21/19,,Sat,Indiana,38,,Connecticut,3,"Memorial Stadium ""The Rock"" - Bloomington Indiana"
254,254,5,09/21/19,,Sat,Iowa State,72,,Louisiana-Monroe,20,Jack Trice Stadium - Ames Iowa
255,255,5,09/21/19,,Sat,Kent State,62,,Bowling Green State,20,Dix Stadium - Kent Ohio
256,256,5,09/21/19,,Sat,Liberty,62,,Hampton,27,Williams Stadium - Lynchburg Virginia
257,257,5,09/21/19,,Sat,Louisiana,45,@,Ohio,25,Peden Stadium - Athens Ohio
258,258,5,09/21/19,,Sat,(4) Louisiana State,66,@,Vanderbilt,38,Vanderbilt Stadium - Nashville Tennessee
259,259,5,09/21/19,,Sat,Miami (FL),17,,Central Michigan,12,Hard Rock Stadium - Miami Gardens Florida
260,260,5,09/21/19,,Sat,Michigan State,31,@,Northwestern,10,Ryan Field - Evanston Illinois
261,261,5,09/21/19,,Sat,Mississippi State,28,,Kentucky,13,Davis Wade Stadium - Starkville Mississippi
262,262,5,09/21/19,,Sat,Missouri,34,,South Carolina,14,Memorial Stadium/Faurot Field - Columbia Missouri
263,263,5,09/21/19,,Sat,Nebraska,42,@,Illinois,38,Memorial Stadium - Champaign Illinois
264,264,5,09/21/19,,Sat,Nevada,37,@,Texas-El Paso,21,Sun Bowl - El Paso Texas
265,265,5,09/21/19,,Sat,New Mexico,55,,New Mexico State,52,Dreamstyle Stadium - Albuquerque New Mexico
266,266,5,09/21/19,,Sat,North Carolina State,34,,Ball State,23,Carter-Finley Stadium - Raleigh North Carolina
267,267,5,09/21/19,,Sat,North Texas,45,,Texas-San Antonio,3,Apogee Stadium - Denton Texas
268,268,5,09/21/19,,Sat,(6) Ohio State,76,,Miami (OH),5,Ohio Stadium - Columbus Ohio
269,269,5,09/21/19,,Sat,(16) Oregon,21,@,Stanford,6,Stanford Stadium - Stanford California
270,270,5,09/21/19,,Sat,Pittsburgh,35,,(15) Central Florida,34,Heinz Field - Pittsburgh Pennsylvania
271,271,5,09/21/19,,Sat,San Jose State,31,@,Arkansas,24,Donald W. Reynolds Razorback Stadium - Fayetteville Arkansas
272,272,5,09/21/19,,Sat,Southern Methodist,41,@,(25) Texas Christian,38,Amon G. Carter Stadium - Fort Worth Texas
273,273,5,09/21/19,,Sat,Syracuse,52,,Western Michigan,33,Carrier Dome - Syracuse New York
274,274,5,09/21/19,,Sat,(12) Texas,36,,Oklahoma State,30,Darrell K Royal-Texas Memorial Stadium - Austin Texas
275,275,5,09/21/19,,Sat,Texas State,37,,Georgia State,34,Bobcat Stadium - San Marcos Texas
276,276,5,09/21/19,,Sat,Toledo,41,@,Colorado State,35,Sonny Lubrick Field at Canvas Stadium - Fort Collins Colorado
277,277,5,09/21/19,,Sat,Troy,35,@,Akron,7,InfoCision Stadium - Akron Ohio
278,278,5,09/21/19,,Sat,Tulsa,24,,Wyoming,21,Skelly Field at H.A. Chapman Stadium - Tulsa Oklahoma
279,279,5,09/21/19,,Sat,UCLA,67,@,(19) Washington State,63,Martin Stadium - Pullman Washington
280,280,5,09/21/19,,Sat,Utah State,23,@,San Diego State,17,SDCCU Stadium - San Diego California
281,281,5,09/21/19,,Sat,(21) Virginia,28,,Old Dominion,17,Scott Stadium - Charlottesville Virginia
282,282,5,09/21/19,,Sat,Wake Forest,49,,Elon,7,BB&T Field - Winston-Salem North Carolina
283,283,5,09/21/19,,Sat,(22) Washington,45,@,Brigham Young,19,LaVell Edwards Stadium - Provo Utah
284,284,5,09/21/19,,Sat,West Virginia,29,@,Kansas,24,David Booth Kansas Memorial Stadium - Lawrence Kansas
285,285,5,09/21/19,,Sat,(13) Wisconsin,35,,(11) Michigan,14,Camp Randall Stadium - Madison Wisconsin
286,286,6,09/26/19,,Thu,Memphis,35,,Navy,23,Liberty Bowl Memorial Stadium - Memphis Tennessee
287,287,6,09/27/19,,Fri,Air Force,41,,San Jose State,24,Falcon Stadium - Colorado Springs Colorado
288,288,6,09/27/19,,Fri,Arizona State,24,@,(15) California,17,California Memorial Stadium - Berkeley California
289,289,6,09/27/19,,Fri,Duke,45,@,Virginia Tech,10,Lane Stadium - Blacksburg Virginia
290,290,6,09/27/19,,Fri,(12) Penn State,59,@,Maryland,0,Capital One Field at Maryland Stadium - College Park Maryland
291,291,6,09/28/19,,Sat,(2) Alabama,59,,Mississippi,31,Bryant-Denny Stadium - Tuscaloosa Alabama
292,292,6,09/28/19,,Sat,Appalachian State,56,,Coastal Carolina,37,Kidd Brewer Stadium - Boone North Carolina
293,293,6,09/28/19,,Sat,Arizona,20,,UCLA,17,Arizona Stadium - Tucson Arizona
294,294,6,09/28/19,,Sat,Arkansas State,50,@,Troy,43,Veterans Memorial Stadium - Troy Alabama
295,295,6,09/28/19,,Sat,(7) Auburn,56,,Mississippi State,23,Jordan-Hare Stadium - Auburn Alabama
296,296,6,09/28/19,,Sat,Baylor,23,,Iowa State,21,McLane Stadium - Waco Texas
297,297,6,09/28/19,,Sat,(22) Central Florida,56,,Connecticut,21,Spectrum Stadium - Orlando Florida
298,298,6,09/28/19,,Sat,Cincinnati,52,@,Marshall,14,Joan C. Edwards Stadium - Huntington West Virginia
299,299,6,09/28/19,,Sat,(1) Clemson,21,@,North Carolina,20,Kenan Memorial Stadium - Chapel Hill North Carolina
300,300,6,09/28/19,,Sat,East Carolina,24,@,Old Dominion,21,Foreman Field at S.B. Ballard Stadium - Norfolk Virginia
301,301,6,09/28/19,,Sat,(9) Florida,38,,Towson,0,Ben Hill Griffin Stadium - Gainesville Florida
302,302,6,09/28/19,,Sat,Florida Atlantic,45,@,Charlotte,27,Jerry Richardson Stadium - Charlotte North Carolina
303,303,6,09/28/19,,Sat,Florida State,31,,North Carolina State,13,Doak Campbell Stadium - Tallahassee Florida
304,304,6,09/28/19,,Sat,Fresno State,30,@,New Mexico State,17,Aggie Memorial Stadium - Las Cruces New Mexico
305,305,6,09/28/19,,Sat,Hawaii,54,@,Nevada,3,MacKay Stadium - Reno Nevada
306,306,6,09/28/19,,Sat,Houston,46,@,North Texas,25,Apogee Stadium - Denton Texas
307,307,6,09/28/19,,Sat,(14) Iowa,48,,Middle Tennessee State,3,Kinnick Stadium - Iowa City Iowa
308,308,6,09/28/19,,Sat,Liberty,17,,New Mexico,10,Williams Stadium - Lynchburg Virginia
309,309,6,09/28/19,,Sat,Louisiana,37,@,Georgia Southern,24,Allen E. Paulson Stadium - Statesboro Georgia
310,310,6,09/28/19,,Sat,Louisiana Tech,23,@,Rice,20,Rice Stadium - Houston Texas
311,311,6,09/28/19,,Sat,Louisiana-Monroe,30,,South Alabama,17,Malone Stadium - Monroe Louisiana
312,312,6,09/28/19,,Sat,Massachusetts,37,,Akron,29,Warren McGuirk Alumni Stadium - Amherst Massachusetts
313,313,6,09/28/19,,Sat,Miami (OH),34,,Buffalo,20,Fred Yager Stadium - Oxford Ohio
314,314,6,09/28/19,,Sat,(20) Michigan,52,,Rutgers,0,Michigan Stadium - Ann Arbor Michigan
315,315,6,09/28/19,,Sat,(25) Michigan State,40,,Indiana,31,Spartan Stadium - East Lansing Michigan
316,316,6,09/28/19,,Sat,Minnesota,38,@,Purdue,31,Ross-Ade Stadium - West Lafayette Indiana
317,317,6,09/28/19,,Sat,(10) Notre Dame,35,,(18) Virginia,20,Notre Dame Stadium - South Bend Indiana
318,318,6,09/28/19,,Sat,(5) Ohio State,48,@,Nebraska,7,Memorial Stadium - Lincoln Nebraska
319,319,6,09/28/19,,Sat,(6) Oklahoma,55,,Texas Tech,16,Gaylord Family - Oklahoma Memorial Stadium - Norman Oklahoma
320,320,6,09/28/19,,Sat,Oklahoma State,26,,(24) Kansas State,13,Boone Pickens Stadium - Stillwater Oklahoma
321,321,6,09/28/19,,Sat,Pittsburgh,17,,Delaware,14,Heinz Field - Pittsburgh Pennsylvania
322,322,6,09/28/19,,Sat,South Carolina,24,,Kentucky,7,Williams-Brice Stadium - Columbia South Carolina
323,323,6,09/28/19,,Sat,Southern Methodist,48,@,South Florida,21,Raymond James Stadium - Tampa Florida
324,324,6,09/28/19,,Sat,Southern Mississippi,31,,Texas-El Paso,13,M. M. Roberts Stadium - Hattiesburg Mississippi
325,325,6,09/28/19,,Sat,Stanford,31,@,Oregon State,28,Reser Stadium - Corvallis Oregon
326,326,6,09/28/19,,Sat,Syracuse,41,,Holy Cross,3,Carrier Dome - Syracuse New York
327,327,6,09/28/19,,Sat,Temple,24,,Georgia Tech,2,Lincoln Financial Field - Philadelphia Pennsylvania
328,328,6,09/28/19,,Sat,(23) Texas A&M,31,,Arkansas,27,AT&T Stadium - Arlington Texas
329,329,6,09/28/19,,Sat,Texas Christian,51,,Kansas,14,Amon G. Carter Stadium - Fort Worth Texas
330,330,6,09/28/19,,Sat,Texas State,24,,Nicholls State,3,Bobcat Stadium - San Marcos Texas
331,331,6,09/28/19,,Sat,Toledo,28,,Brigham Young,21,Glass Bowl - Toledo Ohio
332,332,6,09/28/19,,Sat,(19) Utah,38,,Washington State,13,Rice-Eccles Stadium - Salt Lake City Utah
333,333,6,09/28/19,,Sat,Utah State,34,,Colorado State,24,Merlin Olsen Field at Maverik Stadium - Logan Utah
334,334,6,09/28/19,,Sat,Vanderbilt,24,,Northern Illinois,18,Vanderbilt Stadium - Nashville Tennessee
335,335,6,09/28/19,,Sat,Wake Forest,27,@,Boston College,24,Alumni Stadium - Chestnut Hill Massachusetts
336,336,6,09/28/19,,Sat,(17) Washington,28,,(21) Southern California,14,Husky Stadium - Seattle Washington
337,337,6,09/28/19,,Sat,Western Kentucky,20,,Alabama-Birmingham,13,Houchens Industries-L.T. Smith Stadium - Bowling Green Kentucky
338,338,6,09/28/19,,Sat,Western Michigan,31,,Central Michigan,15,Waldo Stadium - Kalamazoo Michigan
339,339,6,09/28/19,,Sat,(8) Wisconsin,24,,Northwestern,15,Camp Randall Stadium - Madison Wisconsin
340,340,6,09/28/19,,Sat,Wyoming,53,,Nevada-Las Vegas,17,Jonah Field War Memorial Stadium - Laramie Wyoming
341,341,7,10/03/19,,Thu,Georgia Southern,20,@,South Alabama,17,Ladd-Peebles Stadium - Mobile Alabama
342,342,7,10/03/19,,Thu,Temple,27,@,East Carolina,17,Dowdy-Ficklen Stadium - Greenville North Carolina
343,343,7,10/04/19,,Fri,Cincinnati,27,,(18) Central Florida,24,Nippert Stadium - Cincinnati Ohio
344,344,7,10/04/19,,Fri,San Jose State,32,,New Mexico,21,CEFCU Stadium - San Jose California
345,345,7,10/05/19,,Sat,Alabama-Birmingham,35,,Rice,20,Legion Field - Birmingham Alabama
346,346,7,10/05/19,,Sat,Arizona,35,@,Colorado,30,Folsom Field - Boulder Colorado
347,347,7,10/05/19,,Sat,Ball State,27,@,Northern Illinois,20,Huskie Stadium - DeKalb Illinois
348,348,7,10/05/19,,Sat,Baylor,31,@,Kansas State,12,Bill Snyder Family Stadium - Manhattan Kansas
349,349,7,10/05/19,,Sat,(16) Boise State,38,@,Nevada-Las Vegas,13,Sam Boyd Stadium - Las Vegas Nevada
350,350,7,10/05/19,,Sat,Central Michigan,42,,Eastern Michigan,16,Kelly/Shorts Stadium - Mount Pleasant Michigan
351,351,7,10/05/19,,Sat,(10) Florida,24,,(7) Auburn,13,Ben Hill Griffin Stadium - Gainesville Florida
352,352,7,10/05/19,,Sat,Florida International,44,,Massachusetts,0,Riccardo Silva Stadium - Miami Florida
353,353,7,10/05/19,,Sat,(3) Georgia,43,@,Tennessee,14,Neyland Stadium - Knoxville Tennessee
354,354,7,10/05/19,,Sat,Georgia State,52,,Arkansas State,38,Georgia State Stadium - Atlanta Georgia
355,355,7,10/05/19,,Sat,Iowa State,49,,Texas Christian,24,Jack Trice Stadium - Ames Iowa
356,356,7,10/05/19,,Sat,Liberty,20,@,New Mexico State,13,Aggie Memorial Stadium - Las Cruces New Mexico
357,357,7,10/05/19,,Sat,(5) Louisiana State,42,,Utah State,6,Tiger Stadium - Baton Rouge Louisiana
358,358,7,10/05/19,,Sat,Louisville,41,,Boston College,39,Cardinal Stadium - Louisville Kentucky
359,359,7,10/05/19,,Sat,Maryland,48,@,Rutgers,7,SHI Stadium - Piscataway New Jersey
360,360,7,10/05/19,,Sat,Memphis,52,@,Louisiana-Monroe,33,Malone Stadium - Monroe Louisiana
361,361,7,10/05/19,,Sat,(19) Michigan,10,,(14) Iowa,3,Michigan Stadium - Ann Arbor Michigan
362,362,7,10/05/19,,Sat,Middle Tennessee State,24,,Marshall,13,"Johnny ""Red"" Floyd Stadium - Murfreesboro Tennessee"
363,363,7,10/05/19,,Sat,Minnesota,40,,Illinois,17,TCF Bank Stadium - Minneapolis Minnesota
364,364,7,10/05/19,,Sat,Mississippi,31,,Vanderbilt,6,Vaught-Hemingway Stadium - Oxford Mississippi
365,365,7,10/05/19,,Sat,Missouri,42,,Troy,10,Memorial Stadium/Faurot Field - Columbia Missouri
366,366,7,10/05/19,,Sat,Navy,34,,Air Force,25,Navy-Marine Corps Memorial Stadium - Annapolis Maryland
367,367,7,10/05/19,,Sat,Nebraska,13,,Northwestern,10,Memorial Stadium - Lincoln Nebraska
368,368,7,10/05/19,,Sat,North Carolina,38,@,Georgia Tech,22,Bobby Dodd Stadium - Atlanta Georgia
369,369,7,10/05/19,,Sat,(9) Notre Dame,52,,Bowling Green State,0,Notre Dame Stadium - South Bend Indiana
370,370,7,10/05/19,,Sat,Ohio,21,@,Buffalo,20,UB Stadium - Buffalo New York
371,371,7,10/05/19,,Sat,(4) Ohio State,34,,(25) Michigan State,10,Ohio Stadium - Columbus Ohio
372,372,7,10/05/19,,Sat,(6) Oklahoma,45,@,Kansas,20,David Booth Kansas Memorial Stadium - Lawrence Kansas
373,373,7,10/05/19,,Sat,(13) Oregon,17,,California,7,Autzen Stadium - Eugene Oregon
374,374,7,10/05/19,,Sat,Oregon State,48,@,UCLA,31,Rose Bowl - Pasadena California
375,375,7,10/05/19,,Sat,(12) Penn State,35,,Purdue,7,Beaver Stadium - University Park Pennsylvania
376,376,7,10/05/19,,Sat,Pittsburgh,33,@,Duke,30,Wallace Wade Stadium - Durham North Carolina
377,377,7,10/05/19,,Sat,San Diego State,24,@,Colorado State,10,Sonny Lubrick Field at Canvas Stadium - Fort Collins Colorado
378,378,7,10/05/19,,Sat,South Florida,48,@,Connecticut,22,Pratt & Whitney Stadium at Rentschler Field - East Hartford Connecticut
379,379,7,10/05/19,,Sat,(24) Southern Methodist,43,,Tulsa,37,Gerald J. Ford Stadium - Dallas Texas
380,380,7,10/05/19,,Sat,Stanford,23,,(15) Washington,13,Stanford Stadium - Stanford California
381,381,7,10/05/19,,Sat,(11) Texas,42,@,West Virginia,31,Mountaineer Field at Milan Puskar Stadium - Morgantown West Virginia
382,382,7,10/05/19,,Sat,Texas Tech,45,,(21) Oklahoma State,35,Jones AT&T Stadium - Lubbock Texas
383,383,7,10/05/19,,Sat,Texas-San Antonio,26,@,Texas-El Paso,16,Sun Bowl - El Paso Texas
384,384,7,10/05/19,,Sat,Toledo,31,,Western Michigan,24,Glass Bowl - Toledo Ohio
385,385,7,10/05/19,,Sat,Tulane,42,@,Army,33,Michie Stadium - West Point New York
386,386,7,10/05/19,,Sat,Virginia Tech,42,@,Miami (FL),35,Hard Rock Stadium - Miami Gardens Florida
387,387,7,10/05/19,,Sat,Western Kentucky,20,@,Old Dominion,3,Foreman Field at S.B. Ballard Stadium - Norfolk Virginia
388,388,7,10/05/19,,Sat,(8) Wisconsin,48,,Kent State,0,Camp Randall Stadium - Madison Wisconsin
389,389,8,10/09/19,,Wed,Appalachian State,17,@,Louisiana,7,Cajun Field - Lafayette Louisiana
390,390,8,10/10/19,,Thu,Louisiana-Monroe,24,@,Texas State,14,Bobcat Stadium - San Marcos Texas
391,391,8,10/10/19,,Thu,North Carolina State,16,,Syracuse,10,Carter-Finley Stadium - Raleigh North Carolina
392,392,8,10/11/19,,Fri,Colorado State,35,@,New Mexico,21,Dreamstyle Stadium - Albuquerque New Mexico
393,393,8,10/11/19,,Fri,Miami (FL),17,,(20) Virginia,9,Hard Rock Stadium - Miami Gardens Florida
394,394,8,10/11/19,,Fri,(13) Oregon,45,,Colorado,3,Autzen Stadium - Eugene Oregon
395,395,8,10/12/19,,Sat,Air Force,43,,Fresno State,24,Falcon Stadium - Colorado Springs Colorado
396,396,8,10/12/19,,Sat,(1) Alabama,47,@,(24) Texas A&M,28,Kyle Field - College Station Texas
397,397,8,10/12/19,,Sat,Alabama-Birmingham,33,@,Texas-San Antonio,14,Alamodome - San Antonio Texas
398,398,8,10/12/19,,Sat,(18) Arizona State,38,,Washington State,34,Sun Devil Stadium - Tempe Arizona
399,399,8,10/12/19,,Sat,Ball State,29,@,Eastern Michigan,23,Rynearson Stadium - Ypsilanti Michigan
400,400,8,10/12/19,,Sat,(22) Baylor,33,,Texas Tech,30,McLane Stadium - Waco Texas
401,401,8,10/12/19,,Sat,(14) Boise State,59,,Hawaii,37,Albertsons Stadium - Boise Idaho
402,402,8,10/12/19,,Sat,Bowling Green State,20,,Toledo,7,Doyt Perry Stadium - Bowling Green Ohio
403,403,8,10/12/19,,Sat,Central Michigan,42,,New Mexico State,28,Kelly/Shorts Stadium - Mount Pleasant Michigan
404,404,8,10/12/19,,Sat,(25) Cincinnati,38,@,Houston,23,TDECU Stadium - Houston Texas
405,405,8,10/12/19,,Sat,(2) Clemson,45,,Florida State,14,Clemson Memorial Stadium - Clemson South Carolina
406,406,8,10/12/19,,Sat,Duke,41,,Georgia Tech,23,Wallace Wade Stadium - Durham North Carolina
407,407,8,10/12/19,,Sat,Florida Atlantic,28,,Middle Tennessee State,13,FAU Football Stadium - Boca Raton Florida
408,408,8,10/12/19,,Sat,Florida International,48,,Charlotte,23,Riccardo Silva Stadium - Miami Florida
409,409,8,10/12/19,,Sat,Georgia State,31,@,Coastal Carolina,21,Brooks Stadium - Conway South Carolina
410,410,8,10/12/19,,Sat,Indiana,35,,Rutgers,0,"Memorial Stadium ""The Rock"" - Bloomington Indiana"
411,411,8,10/12/19,,Sat,Iowa State,38,@,West Virginia,14,Mountaineer Field at Milan Puskar Stadium - Morgantown West Virginia
412,412,8,10/12/19,,Sat,Kent State,26,@,Akron,3,InfoCision Stadium - Akron Ohio
413,413,8,10/12/19,,Sat,Kentucky,24,,Arkansas,20,Kroger Field - Lexington Kentucky
414,414,8,10/12/19,,Sat,(5) Louisiana State,42,,(7) Florida,28,Tiger Stadium - Baton Rouge Louisiana
415,415,8,10/12/19,,Sat,Louisiana Tech,69,,Massachusetts,21,Joe Aillet Stadium - Ruston Louisiana
416,416,8,10/12/19,,Sat,Louisville,62,@,(19) Wake Forest,59,BB&T Field - Winston-Salem North Carolina
417,417,8,10/12/19,,Sat,Marshall,31,,Old Dominion,17,Joan C. Edwards Stadium - Huntington West Virginia
418,418,8,10/12/19,,Sat,(16) Michigan,42,@,Illinois,25,Memorial Stadium - Champaign Illinois
419,419,8,10/12/19,,Sat,Minnesota,34,,Nebraska,7,TCF Bank Stadium - Minneapolis Minnesota
420,420,8,10/12/19,,Sat,Missouri,38,,Mississippi,27,Memorial Stadium/Faurot Field - Columbia Missouri
421,421,8,10/12/19,,Sat,Navy,45,@,Tulsa,17,Skelly Field at H.A. Chapman Stadium - Tulsa Oklahoma
422,422,8,10/12/19,,Sat,Nevada,41,,San Jose State,38,MacKay Stadium - Reno Nevada
423,423,8,10/12/19,,Sat,Nevada-Las Vegas,34,@,Vanderbilt,10,Vanderbilt Stadium - Nashville Tennessee
424,424,8,10/12/19,,Sat,Northern Illinois,39,@,Ohio,36,Peden Stadium - Athens Ohio
425,425,8,10/12/19,,Sat,(9) Notre Dame,30,,Southern California,27,Notre Dame Stadium - South Bend Indiana
426,426,8,10/12/19,,Sat,(6) Oklahoma,34,,(11) Texas,27,Cotton Bowl - Dallas Texas
427,427,8,10/12/19,,Sat,(10) Penn State,17,@,(17) Iowa,12,Kinnick Stadium - Iowa City Iowa
428,428,8,10/12/19,,Sat,Purdue,40,,Maryland,14,Ross-Ade Stadium - West Lafayette Indiana
429,429,8,10/12/19,,Sat,San Diego State,26,,Wyoming,22,SDCCU Stadium - San Diego California
430,430,8,10/12/19,,Sat,South Carolina,20,@,(3) Georgia,17,Sanford Stadium - Athens Georgia
431,431,8,10/12/19,,Sat,South Florida,27,,Brigham Young,23,Raymond James Stadium - Tampa Florida
432,432,8,10/12/19,,Sat,Southern Mississippi,45,,North Texas,27,M. M. Roberts Stadium - Hattiesburg Mississippi
433,433,8,10/12/19,,Sat,Temple,30,,(23) Memphis,28,Lincoln Financial Field - Philadelphia Pennsylvania
434,434,8,10/12/19,,Sat,Tennessee,20,,Mississippi State,10,Neyland Stadium - Knoxville Tennessee
435,435,8,10/12/19,,Sat,Tulane,49,,Connecticut,7,Yulman Stadium - New Orleans Louisiana
436,436,8,10/12/19,,Sat,(15) Utah,52,@,Oregon State,7,Reser Stadium - Corvallis Oregon
437,437,8,10/12/19,,Sat,Virginia Tech,34,,Rhode Island,17,Lane Stadium - Blacksburg Virginia
438,438,8,10/12/19,,Sat,Washington,51,@,Arizona,27,Arizona Stadium - Tucson Arizona
439,439,8,10/12/19,,Sat,Western Kentucky,17,,Army,8,Houchens Industries-L.T. Smith Stadium - Bowling Green Kentucky
440,440,8,10/12/19,,Sat,Western Michigan,38,,Miami (OH),16,Waldo Stadium - Kalamazoo Michigan
441,441,8,10/12/19,,Sat,(8) Wisconsin,38,,Michigan State,0,Camp Randall Stadium - Madison Wisconsin
442,442,9,10/16/19,,Wed,Troy,37,,South Alabama,13,Veterans Memorial Stadium - Troy Alabama
443,443,9,10/17/19,,Thu,Louisiana,37,@,Arkansas State,20,Centennial Bank Stadium - Jonesboro Arkansas
444,444,9,10/17/19,,Thu,UCLA,34,@,Stanford,16,Stanford Stadium - Stanford California
445,445,9,10/18/19,,Fri,Fresno State,56,,Nevada-Las Vegas,27,Bulldog Stadium - Fresno California
446,446,9,10/18/19,,Fri,Marshall,36,@,Florida Atlantic,31,FAU Football Stadium - Boca Raton Florida
447,447,9,10/18/19,,Fri,(4) Ohio State,52,@,Northwestern,3,Ryan Field - Evanston Illinois
448,448,9,10/18/19,,Fri,Pittsburgh,27,@,Syracuse,20,Carrier Dome - Syracuse New York
449,449,9,10/19/19,,Sat,Air Force,56,@,Hawaii,26,Aloha Stadium - Honolulu Hawaii
450,450,9,10/19/19,,Sat,(1) Alabama,35,,Tennessee,13,Bryant-Denny Stadium - Tuscaloosa Alabama
451,451,9,10/19/19,,Sat,Alabama-Birmingham,38,,Old Dominion,14,Legion Field - Birmingham Alabama
452,452,9,10/19/19,,Sat,(24) Appalachian State,52,,Louisiana-Monroe,7,Kidd Brewer Stadium - Boone North Carolina
453,453,9,10/19/19,,Sat,(11) Auburn,51,@,Arkansas,10,Donald W. Reynolds Razorback Stadium - Fayetteville Arkansas
454,454,9,10/19/19,,Sat,Ball State,52,,Toledo,14,Scheumann Stadium - Muncie Indiana
455,455,9,10/19/19,,Sat,(18) Baylor,45,@,Oklahoma State,27,Boone Pickens Stadium - Stillwater Oklahoma
456,456,9,10/19/19,,Sat,Boston College,45,,North Carolina State,24,Alumni Stadium - Chestnut Hill Massachusetts
457,457,9,10/19/19,,Sat,Brigham Young,28,,(14) Boise State,25,LaVell Edwards Stadium - Provo Utah
458,458,9,10/19/19,,Sat,Buffalo,21,@,Akron,0,InfoCision Stadium - Akron Ohio
459,459,9,10/19/19,,Sat,Central Florida,41,,East Carolina,28,Spectrum Stadium - Orlando Florida
460,460,9,10/19/19,,Sat,Central Michigan,38,@,Bowling Green State,20,Doyt Perry Stadium - Bowling Green Ohio
461,461,9,10/19/19,,Sat,(21) Cincinnati,24,,Tulsa,13,Nippert Stadium - Cincinnati Ohio
462,462,9,10/19/19,,Sat,(3) Clemson,45,@,Louisville,10,Cardinal Stadium - Louisville Kentucky
463,463,9,10/19/19,,Sat,Eastern Michigan,34,,Western Michigan,27,Rynearson Stadium - Ypsilanti Michigan
464,464,9,10/19/19,,Sat,(9) Florida,38,@,South Carolina,27,Williams-Brice Stadium - Columbia South Carolina
465,465,9,10/19/19,,Sat,Florida International,32,,Texas-El Paso,17,Riccardo Silva Stadium - Miami Florida
466,466,9,10/19/19,,Sat,(10) Georgia,21,,Kentucky,0,Sanford Stadium - Athens Georgia
467,467,9,10/19/19,,Sat,Georgia Southern,30,,Coastal Carolina,27,Allen E. Paulson Stadium - Statesboro Georgia
468,468,9,10/19/19,,Sat,Georgia State,28,,Army,21,Georgia State Stadium - Atlanta Georgia
469,469,9,10/19/19,,Sat,Georgia Tech,28,@,Miami (FL),21,Hard Rock Stadium - Miami Gardens Florida
470,470,9,10/19/19,,Sat,Houston,24,@,Connecticut,17,Pratt & Whitney Stadium at Rentschler Field - East Hartford Connecticut
471,471,9,10/19/19,,Sat,Illinois,24,,(6) Wisconsin,23,Memorial Stadium - Champaign Illinois
472,472,9,10/19/19,,Sat,Indiana,34,@,Maryland,28,Capital One Field at Maryland Stadium - College Park Maryland
473,473,9,10/19/19,,Sat,(23) Iowa,26,,Purdue,20,Kinnick Stadium - Iowa City Iowa
474,474,9,10/19/19,,Sat,Iowa State,34,@,Texas Tech,24,Jones AT&T Stadium - Lubbock Texas
475,475,9,10/19/19,,Sat,Kansas State,24,,Texas Christian,17,Bill Snyder Family Stadium - Manhattan Kansas
476,476,9,10/19/19,,Sat,Liberty,59,,Maine,44,Williams Stadium - Lynchburg Virginia
477,477,9,10/19/19,,Sat,(2) Louisiana State,36,@,Mississippi State,13,Davis Wade Stadium - Starkville Mississippi
478,478,9,10/19/19,,Sat,Louisiana Tech,45,,Southern Mississippi,30,Joe Aillet Stadium - Ruston Louisiana
479,479,9,10/19/19,,Sat,Memphis,47,,Tulane,17,Liberty Bowl Memorial Stadium - Memphis Tennessee
480,480,9,10/19/19,,Sat,Miami (OH),27,,Northern Illinois,24,Fred Yager Stadium - Oxford Ohio
481,481,9,10/19/19,,Sat,(20) Minnesota,42,@,Rutgers,7,SHI Stadium - Piscataway New Jersey
482,482,9,10/19/19,,Sat,Navy,35,,South Florida,3,Navy-Marine Corps Memorial Stadium - Annapolis Maryland
483,483,9,10/19/19,,Sat,North Texas,33,,Middle Tennessee State,30,Apogee Stadium - Denton Texas
484,484,9,10/19/19,,Sat,Ohio,45,,Kent State,38,Peden Stadium - Athens Ohio
485,485,9,10/19/19,,Sat,(5) Oklahoma,52,,West Virginia,14,Gaylord Family - Oklahoma Memorial Stadium - Norman Oklahoma
486,486,9,10/19/19,,Sat,(12) Oregon,35,@,(25) Washington,31,Husky Stadium - Seattle Washington
487,487,9,10/19/19,,Sat,Oregon State,21,@,California,17,California Memorial Stadium - Berkeley California
488,488,9,10/19/19,,Sat,(7) Penn State,28,,(16) Michigan,21,Beaver Stadium - University Park Pennsylvania
489,489,9,10/19/19,,Sat,San Diego State,27,@,San Jose State,17,CEFCU Stadium - San Jose California
490,490,9,10/19/19,,Sat,Southern California,41,,Arizona,14,Los Angeles Memorial Coliseum - Los Angeles California
491,491,9,10/19/19,,Sat,(19) Southern Methodist,45,,Temple,21,Gerald J. Ford Stadium - Dallas Texas
492,492,9,10/19/19,,Sat,(15) Texas,50,,Kansas,48,Darrell K Royal-Texas Memorial Stadium - Austin Texas
493,493,9,10/19/19,,Sat,Texas A&M,24,@,Mississippi,17,Vaught-Hemingway Stadium - Oxford Mississippi
494,494,9,10/19/19,,Sat,Texas-San Antonio,31,,Rice,27,Alamodome - San Antonio Texas
495,495,9,10/19/19,,Sat,(13) Utah,21,,(17) Arizona State,3,Rice-Eccles Stadium - Salt Lake City Utah
496,496,9,10/19/19,,Sat,Utah State,36,,Nevada,10,Merlin Olsen Field at Maverik Stadium - Logan Utah
497,497,9,10/19/19,,Sat,Vanderbilt,21,,(22) Missouri,14,Vanderbilt Stadium - Nashville Tennessee
498,498,9,10/19/19,,Sat,Virginia,48,,Duke,14,Scott Stadium - Charlottesville Virginia
499,499,9,10/19/19,,Sat,Virginia Tech,43,,North Carolina,41,Lane Stadium - Blacksburg Virginia
500,500,9,10/19/19,,Sat,Wake Forest,22,,Florida State,20,BB&T Field - Winston-Salem North Carolina
501,501,9,10/19/19,,Sat,Washington State,41,,Colorado,10,Martin Stadium - Pullman Washington
502,502,9,10/19/19,,Sat,Western Kentucky,30,,Charlotte,14,Houchens Industries-L.T. Smith Stadium - Bowling Green Kentucky
503,503,9,10/19/19,,Sat,Wyoming,23,,New Mexico,10,Jonah Field War Memorial Stadium - Laramie Wyoming
504,504,10,10/24/19,,Thu,(16) Southern Methodist,34,@,Houston,31,TDECU Stadium - Houston Texas
505,505,10,10/25/19,,Fri,Southern California,35,@,Colorado,31,Folsom Field - Boulder Colorado
506,506,10,10/26/19,,Sat,Air Force,31,,Utah State,7,Falcon Stadium - Colorado Springs Colorado
507,507,10,10/26/19,,Sat,(1) Alabama,48,,Arkansas,7,Bryant-Denny Stadium - Tuscaloosa Alabama
508,508,10,10/26/19,,Sat,(21) Appalachian State,30,@,South Alabama,3,Ladd-Peebles Stadium - Mobile Alabama
509,509,10,10/26/19,,Sat,Arkansas State,38,,Texas State,14,Centennial Bank Stadium - Jonesboro Arkansas
510,510,10,10/26/19,,Sat,Buffalo,43,,Central Michigan,20,UB Stadium - Buffalo New York
511,511,10,10/26/19,,Sat,Central Florida,63,@,Temple,21,Lincoln Financial Field - Philadelphia Pennsylvania
512,512,10,10/26/19,,Sat,Charlotte,39,,North Texas,38,Jerry Richardson Stadium - Charlotte North Carolina
513,513,10,10/26/19,,Sat,(4) Clemson,59,,Boston College,7,Clemson Memorial Stadium - Clemson South Carolina
514,514,10,10/26/19,,Sat,Colorado State,41,@,Fresno State,31,Bulldog Stadium - Fresno California
515,515,10,10/26/19,,Sat,Connecticut,56,@,Massachusetts,35,Warren McGuirk Alumni Stadium - Amherst Massachusetts
516,516,10,10/26/19,,Sat,Florida Atlantic,41,@,Old Dominion,3,Foreman Field at S.B. Ballard Stadium - Norfolk Virginia
517,517,10,10/26/19,,Sat,Florida State,35,,Syracuse,17,Doak Campbell Stadium - Tallahassee Florida
518,518,10,10/26/19,,Sat,Georgia Southern,41,,New Mexico State,7,Allen E. Paulson Stadium - Statesboro Georgia
519,519,10,10/26/19,,Sat,Georgia State,52,,Troy,33,Georgia State Stadium - Atlanta Georgia
520,520,10,10/26/19,,Sat,Hawaii,45,@,New Mexico,31,Dreamstyle Stadium - Albuquerque New Mexico
521,521,10,10/26/19,,Sat,Illinois,24,@,Purdue,6,Ross-Ade Stadium - West Lafayette Indiana
522,522,10,10/26/19,,Sat,Indiana,38,@,Nebraska,31,Memorial Stadium - Lincoln Nebraska
523,523,10,10/26/19,,Sat,(20) Iowa,20,@,Northwestern,0,Ryan Field - Evanston Illinois
524,524,10,10/26/19,,Sat,Kansas,37,,Texas Tech,34,David Booth Kansas Memorial Stadium - Lawrence Kansas
525,525,10,10/26/19,,Sat,Kansas State,48,,(5) Oklahoma,41,Bill Snyder Family Stadium - Manhattan Kansas
526,526,10,10/26/19,,Sat,Kentucky,29,,Missouri,7,Kroger Field - Lexington Kentucky
527,527,10,10/26/19,,Sat,(2) Louisiana State,23,,(9) Auburn,20,Tiger Stadium - Baton Rouge Louisiana
528,528,10,10/26/19,,Sat,Louisiana Tech,42,@,Texas-El Paso,21,Sun Bowl - El Paso Texas
529,529,10,10/26/19,,Sat,Louisville,28,,Virginia,21,Cardinal Stadium - Louisville Kentucky
530,530,10,10/26/19,,Sat,Marshall,26,,Western Kentucky,23,Joan C. Edwards Stadium - Huntington West Virginia
531,531,10,10/26/19,,Sat,Memphis,42,@,Tulsa,41,Skelly Field at H.A. Chapman Stadium - Tulsa Oklahoma
532,532,10,10/26/19,,Sat,Miami (FL),16,@,Pittsburgh,12,Heinz Field - Pittsburgh Pennsylvania
533,533,10,10/26/19,,Sat,Miami (OH),23,@,Kent State,16,Dix Stadium - Kent Ohio
534,534,10,10/26/19,,Sat,(19) Michigan,45,,(8) Notre Dame,14,Michigan Stadium - Ann Arbor Michigan
535,535,10,10/26/19,,Sat,Middle Tennessee State,50,,Florida International,17,"Johnny ""Red"" Floyd Stadium - Murfreesboro Tennessee"
536,536,10,10/26/19,,Sat,(17) Minnesota,52,,Maryland,10,TCF Bank Stadium - Minneapolis Minnesota
537,537,10,10/26/19,,Sat,Navy,41,,Tulane,38,Navy-Marine Corps Memorial Stadium - Annapolis Maryland
538,538,10,10/26/19,,Sat,North Carolina,20,,Duke,17,Kenan Memorial Stadium - Chapel Hill North Carolina
539,539,10,10/26/19,,Sat,Northern Illinois,49,,Akron,0,Huskie Stadium - DeKalb Illinois
540,540,10,10/26/19,,Sat,Ohio,34,@,Ball State,21,Scheumann Stadium - Muncie Indiana
541,541,10,10/26/19,,Sat,(3) Ohio State,38,,(13) Wisconsin,7,Ohio Stadium - Columbus Ohio
542,542,10,10/26/19,,Sat,Oklahoma State,34,@,(23) Iowa State,27,Jack Trice Stadium - Ames Iowa
543,543,10,10/26/19,,Sat,(11) Oregon,37,,Washington State,35,Autzen Stadium - Eugene Oregon
544,544,10,10/26/19,,Sat,(6) Penn State,28,@,Michigan State,7,Spartan Stadium - East Lansing Michigan
545,545,10,10/26/19,,Sat,Rutgers,44,,Liberty,34,SHI Stadium - Piscataway New Jersey
546,546,10,10/26/19,,Sat,San Diego State,20,@,Nevada-Las Vegas,17,Sam Boyd Stadium - Las Vegas Nevada
547,547,10,10/26/19,,Sat,San Jose State,34,@,Army,29,Michie Stadium - West Point New York
548,548,10,10/26/19,,Sat,South Florida,45,@,East Carolina,20,Dowdy-Ficklen Stadium - Greenville North Carolina
549,549,10,10/26/19,,Sat,Southern Mississippi,20,@,Rice,6,Rice Stadium - Houston Texas
550,550,10,10/26/19,,Sat,Stanford,41,,Arizona,31,Stanford Stadium - Stanford California
551,551,10,10/26/19,,Sat,Tennessee,41,,South Carolina,21,Neyland Stadium - Knoxville Tennessee
552,552,10,10/26/19,,Sat,Texas A&M,49,,Mississippi State,30,Kyle Field - College Station Texas
553,553,10,10/26/19,,Sat,Texas Christian,37,,(15) Texas,27,Amon G. Carter Stadium - Fort Worth Texas
554,554,10,10/26/19,,Sat,Toledo,37,,Eastern Michigan,34,Glass Bowl - Toledo Ohio
555,555,10,10/26/19,,Sat,UCLA,42,,(24) Arizona State,32,Rose Bowl - Pasadena California
556,556,10,10/26/19,,Sat,(12) Utah,35,,California,0,Rice-Eccles Stadium - Salt Lake City Utah
557,557,10,10/26/19,,Sat,Western Michigan,49,,Bowling Green State,10,Waldo Stadium - Kalamazoo Michigan
558,558,10,10/26/19,,Sat,Wyoming,31,,Nevada,3,Jonah Field War Memorial Stadium - Laramie Wyoming
559,559,11,10/31/19,,Thu,(12) Baylor,17,,West Virginia,14,McLane Stadium - Waco Texas
560,560,11,10/31/19,,Thu,Georgia Southern,24,@,(20) Appalachian State,21,Kidd Brewer Stadium - Boone North Carolina
561,561,11,11/01/19,,Fri,Navy,56,@,Connecticut,10,Pratt & Whitney Stadium at Rentschler Field - East Hartford Connecticut
562,562,11,11/02/19,,Sat,Air Force,17,,Army,13,Falcon Stadium - Colorado Springs Colorado
563,563,11,11/02/19,,Sat,Arkansas State,48,@,Louisiana-Monroe,41,Malone Stadium - Monroe Louisiana
564,564,11,11/02/19,,Sat,(11) Auburn,20,,Mississippi,14,Jordan-Hare Stadium - Auburn Alabama
565,565,11,11/02/19,,Sat,(21) Boise State,52,@,San Jose State,42,CEFCU Stadium - San Jose California
566,566,11,11/02/19,,Sat,Boston College,58,@,Syracuse,27,DOME - Syracuse New York
567,567,11,11/02/19,,Sat,Bowling Green State,35,,Akron,6,Doyt Perry Stadium - Bowling Green Ohio
568,568,11,11/02/19,,Sat,Brigham Young,42,@,Utah State,14,Merlin Olsen Field at Maverik Stadium - Logan Utah
569,569,11,11/02/19,,Sat,Buffalo,43,@,Eastern Michigan,14,Rynearson Stadium - Ypsilanti Michigan
570,570,11,11/02/19,,Sat,Central Florida,44,,Houston,29,Spectrum Stadium - Orlando Florida
571,571,11,11/02/19,,Sat,Central Michigan,48,,Northern Illinois,10,Kelly/Shorts Stadium - Mount Pleasant Michigan
572,572,11,11/02/19,,Sat,Charlotte,34,,Middle Tennessee State,20,Jerry Richardson Stadium - Charlotte North Carolina
573,573,11,11/02/19,,Sat,(17) Cincinnati,46,@,East Carolina,43,Dowdy-Ficklen Stadium - Greenville North Carolina
574,574,11,11/02/19,,Sat,(4) Clemson,59,,Wofford,14,Clemson Memorial Stadium - Clemson South Carolina
575,575,11,11/02/19,,Sat,Coastal Carolina,36,,Troy,35,Brooks Stadium - Conway South Carolina
576,576,11,11/02/19,,Sat,Colorado State,37,,Nevada-Las Vegas,17,Sonny Lubrick Field at Canvas Stadium - Fort Collins Colorado
577,577,11,11/02/19,,Sat,Florida Atlantic,35,@,Western Kentucky,24,Houchens Industries-L.T. Smith Stadium - Bowling Green Kentucky
578,578,11,11/02/19,,Sat,Florida International,24,,Old Dominion,17,Riccardo Silva Stadium - Miami Florida
579,579,11,11/02/19,,Sat,Fresno State,41,@,Hawaii,38,Aloha Stadium - Honolulu Hawaii
580,580,11,11/02/19,,Sat,(8) Georgia,24,,(6) Florida,17,TIAA Bank Field - Jacksonville Florida
581,581,11,11/02/19,,Sat,Illinois,38,,Rutgers,10,Memorial Stadium - Champaign Illinois
582,582,11,11/02/19,,Sat,Indiana,34,,Northwestern,3,"Memorial Stadium ""The Rock"" - Bloomington Indiana"
583,583,11,11/02/19,,Sat,(22) Kansas State,38,@,Kansas,10,David Booth Kansas Memorial Stadium - Lawrence Kansas
584,584,11,11/02/19,,Sat,Liberty,63,@,Massachusetts,21,Warren McGuirk Alumni Stadium - Amherst Massachusetts
585,585,11,11/02/19,,Sat,Louisiana,31,,Texas State,3,Cajun Field - Lafayette Louisiana
586,586,11,11/02/19,,Sat,Marshall,20,@,Rice,7,Rice Stadium - Houston Texas
587,587,11,11/02/19,,Sat,(24) Memphis,54,,(15) Southern Methodist,48,Liberty Bowl Memorial Stadium - Memphis Tennessee
588,588,11,11/02/19,,Sat,Miami (FL),27,@,Florida State,10,Doak Campbell Stadium - Tallahassee Florida
589,589,11,11/02/19,,Sat,(14) Michigan,38,@,Maryland,7,Capital One Field at Maryland Stadium - College Park Maryland
590,590,11,11/02/19,,Sat,Mississippi State,54,@,Arkansas,24,Donald W. Reynolds Razorback Stadium - Fayetteville Arkansas
591,591,11,11/02/19,,Sat,Nevada,21,,New Mexico,10,MacKay Stadium - Reno Nevada
592,592,11,11/02/19,,Sat,North Texas,52,,Texas-El Paso,26,Apogee Stadium - Denton Texas
593,593,11,11/02/19,,Sat,(16) Notre Dame,21,,Virginia Tech,20,Notre Dame Stadium - South Bend Indiana
594,594,11,11/02/19,,Sat,Oklahoma State,34,,Texas Christian,27,Boone Pickens Stadium - Stillwater Oklahoma
595,595,11,11/02/19,,Sat,(7) Oregon,56,@,Southern California,24,Los Angeles Memorial Coliseum - Los Angeles California
596,596,11,11/02/19,,Sat,Oregon State,56,@,Arizona,38,Arizona Stadium - Tucson Arizona
597,597,11,11/02/19,,Sat,Pittsburgh,20,@,Georgia Tech,10,Bobby Dodd Stadium - Atlanta Georgia
598,598,11,11/02/19,,Sat,Purdue,31,,Nebraska,27,Ross-Ade Stadium - West Lafayette Indiana
599,599,11,11/02/19,,Sat,South Carolina,24,,Vanderbilt,7,Williams-Brice Stadium - Columbia South Carolina
600,600,11,11/02/19,,Sat,Tennessee,30,,Alabama-Birmingham,7,Neyland Stadium - Knoxville Tennessee
601,601,11,11/02/19,,Sat,Texas A&M,45,,Texas-San Antonio,14,Kyle Field - College Station Texas
602,602,11,11/02/19,,Sat,Tulane,38,,Tulsa,26,Yulman Stadium - New Orleans Louisiana
603,603,11,11/02/19,,Sat,UCLA,31,,Colorado,14,Rose Bowl - Pasadena California
604,604,11,11/02/19,,Sat,(9) Utah,33,@,Washington,28,Husky Stadium - Seattle Washington
605,605,11,11/02/19,,Sat,Virginia,38,@,North Carolina,31,Kenan Memorial Stadium - Chapel Hill North Carolina
606,606,11,11/02/19,,Sat,(23) Wake Forest,44,,North Carolina State,10,BB&T Field - Winston-Salem North Carolina
607,607,12,11/05/19,,Tue,Toledo,35,,Kent State,33,Glass Bowl - Toledo Ohio
608,608,12,11/05/19,,Tue,Western Michigan,35,,Ball State,31,Waldo Stadium - Kalamazoo Michigan
609,609,12,11/06/19,,Wed,Miami (OH),24,@,Ohio,21,Peden Stadium - Athens Ohio
610,610,12,11/07/19,,Thu,Louisiana,48,@,Coastal Carolina,7,Brooks Stadium - Conway South Carolina
611,611,12,11/07/19,,Thu,Temple,17,@,South Florida,7,Raymond James Stadium - Tampa Florida
612,612,12,11/08/19,,Fri,Tulsa,34,,Central Florida,31,Skelly Field at H.A. Chapman Stadium - Tulsa Oklahoma
613,613,12,11/08/19,,Fri,Washington,19,@,Oregon State,7,Reser Stadium - Corvallis Oregon
614,614,12,11/09/19,,Sat,Appalachian State,20,@,South Carolina,15,Williams-Brice Stadium - Columbia South Carolina
615,615,12,11/09/19,,Sat,Army,63,,Massachusetts,7,Michie Stadium - West Point New York
616,616,12,11/09/19,,Sat,(11) Baylor,29,@,Texas Christian,23,Amon G. Carter Stadium - Fort Worth Texas
617,617,12,11/09/19,,Sat,(21) Boise State,20,,Wyoming,17,Albertsons Stadium - Boise Idaho
618,618,12,11/09/19,,Sat,Brigham Young,31,,Liberty,24,LaVell Edwards Stadium - Provo Utah
619,619,12,11/09/19,,Sat,California,33,,Washington State,20,California Memorial Stadium - Berkeley California
620,620,12,11/09/19,,Sat,Charlotte,28,@,Texas-El Paso,21,Sun Bowl - El Paso Texas
621,621,12,11/09/19,,Sat,(17) Cincinnati,48,,Connecticut,3,Nippert Stadium - Cincinnati Ohio
622,622,12,11/09/19,,Sat,(4) Clemson,55,@,North Carolina State,10,Carter-Finley Stadium - Raleigh North Carolina
623,623,12,11/09/19,,Sat,Colorado,16,,Stanford,13,Folsom Field - Boulder Colorado
624,624,12,11/09/19,,Sat,(10) Florida,56,,Vanderbilt,0,Ben Hill Griffin Stadium - Gainesville Florida
625,625,12,11/09/19,,Sat,Florida Atlantic,37,,Florida International,7,FAU Football Stadium - Boca Raton Florida
626,626,12,11/09/19,,Sat,Florida State,38,@,Boston College,31,Alumni Stadium - Chestnut Hill Massachusetts
627,627,12,11/09/19,,Sat,(6) Georgia,27,,Missouri,0,Sanford Stadium - Athens Georgia
628,628,12,11/09/19,,Sat,Hawaii,42,,San Jose State,40,Aloha Stadium - Honolulu Hawaii
629,629,12,11/09/19,,Sat,Illinois,37,@,Michigan State,34,Spartan Stadium - East Lansing Michigan
630,630,12,11/09/19,,Sat,(1) Louisiana State,46,@,(2) Alabama,41,Bryant-Denny Stadium - Tuscaloosa Alabama
631,631,12,11/09/19,,Sat,Louisiana Tech,52,,North Texas,17,Joe Aillet Stadium - Ruston Louisiana
632,632,12,11/09/19,,Sat,Louisiana-Monroe,45,,Georgia State,31,Malone Stadium - Monroe Louisiana
633,633,12,11/09/19,,Sat,Miami (FL),52,,Louisville,27,Hard Rock Stadium - Miami Gardens Florida
634,634,12,11/09/19,,Sat,(13) Minnesota,31,,(5) Penn State,26,TCF Bank Stadium - Minneapolis Minnesota
635,635,12,11/09/19,,Sat,Mississippi,41,,New Mexico State,3,Vaught-Hemingway Stadium - Oxford Mississippi
636,636,12,11/09/19,,Sat,Nevada,17,@,(24) San Diego State,13,SDCCU Stadium - San Diego California
637,637,12,11/09/19,,Sat,(15) Notre Dame,38,@,Duke,7,Wallace Wade Stadium - Durham North Carolina
638,638,12,11/09/19,,Sat,(3) Ohio State,73,,Maryland,14,Ohio Stadium - Columbus Ohio
639,639,12,11/09/19,,Sat,(9) Oklahoma,42,,Iowa State,41,Gaylord Family - Oklahoma Memorial Stadium - Norman Oklahoma
640,640,12,11/09/19,,Sat,Purdue,24,@,Northwestern,22,Ryan Field - Evanston Illinois
641,641,12,11/09/19,,Sat,Southern California,31,@,Arizona State,26,Sun Devil Stadium - Tempe Arizona
642,642,12,11/09/19,,Sat,(23) Southern Methodist,59,,East Carolina,51,Gerald J. Ford Stadium - Dallas Texas
643,643,12,11/09/19,,Sat,Southern Mississippi,37,,Alabama-Birmingham,2,M. M. Roberts Stadium - Hattiesburg Mississippi
644,644,12,11/09/19,,Sat,Tennessee,17,@,Kentucky,13,Kroger Field - Lexington Kentucky
645,645,12,11/09/19,,Sat,Texas,27,,(20) Kansas State,24,Darrell K Royal-Texas Memorial Stadium - Austin Texas
646,646,12,11/09/19,,Sat,Texas State,30,,South Alabama,28,Bobcat Stadium - San Marcos Texas
647,647,12,11/09/19,,Sat,Texas Tech,38,@,West Virginia,17,Mountaineer Field at Milan Puskar Stadium - Morgantown West Virginia
648,648,12,11/09/19,,Sat,Texas-San Antonio,24,@,Old Dominion,23,Foreman Field at S.B. Ballard Stadium - Norfolk Virginia
649,649,12,11/09/19,,Sat,Troy,49,,Georgia Southern,28,Veterans Memorial Stadium - Troy Alabama
650,650,12,11/09/19,,Sat,Utah State,37,@,Fresno State,35,Bulldog Stadium - Fresno California
651,651,12,11/09/19,,Sat,Virginia,33,,Georgia Tech,28,Scott Stadium - Charlottesville Virginia
652,652,12,11/09/19,,Sat,Virginia Tech,36,,(22) Wake Forest,17,Lane Stadium - Blacksburg Virginia
653,653,12,11/09/19,,Sat,Western Kentucky,45,@,Arkansas,19,Donald W. Reynolds Razorback Stadium - Fayetteville Arkansas
654,654,12,11/09/19,,Sat,(16) Wisconsin,24,,(18) Iowa,22,Camp Randall Stadium - Madison Wisconsin
655,655,13,11/12/19,,Tue,Eastern Michigan,42,@,Akron,14,InfoCision Stadium - Akron Ohio
656,656,13,11/12/19,,Tue,Western Michigan,37,@,Ohio,34,Peden Stadium - Athens Ohio
657,657,13,11/13/19,,Wed,Miami (OH),44,,Bowling Green State,3,Fred Yager Stadium - Oxford Ohio
658,658,13,11/13/19,,Wed,Northern Illinois,31,@,Toledo,28,Glass Bowl - Toledo Ohio
659,659,13,11/14/19,,Thu,Kent State,30,,Buffalo,27,Dix Stadium - Kent Ohio
660,660,13,11/14/19,,Thu,Pittsburgh,34,,North Carolina,27,Heinz Field - Pittsburgh Pennsylvania
661,661,13,11/15/19,,Fri,Marshall,31,,Louisiana Tech,10,Joan C. Edwards Stadium - Huntington West Virginia
662,662,13,11/15/19,,Fri,San Diego State,17,,Fresno State,7,SDCCU Stadium - San Diego California
663,663,13,11/16/19,,Sat,Air Force,38,@,Colorado State,21,Sonny Lubrick Field at Canvas Stadium - Fort Collins Colorado
664,664,13,11/16/19,,Sat,(4) Alabama,38,@,Mississippi State,7,Davis Wade Stadium - Starkville Mississippi
665,665,13,11/16/19,,Sat,Alabama-Birmingham,37,,Texas-El Paso,10,Legion Field - Birmingham Alabama
666,666,13,11/16/19,,Sat,Appalachian State,56,@,Georgia State,27,Georgia State Stadium - Atlanta Georgia
667,667,13,11/16/19,,Sat,Arkansas State,28,,Coastal Carolina,27,Centennial Bank Stadium - Jonesboro Arkansas
668,668,13,11/16/19,,Sat,Army,47,,Virginia Military Institute,6,Michie Stadium - West Point New York
669,669,13,11/16/19,,Sat,(19) Boise State,42,,New Mexico,9,Albertsons Stadium - Boise Idaho
670,670,13,11/16/19,,Sat,Brigham Young,42,,Idaho State,10,LaVell Edwards Stadium - Provo Utah
671,671,13,11/16/19,,Sat,Central Michigan,45,@,Ball State,44,Scheumann Stadium - Muncie Indiana
672,672,13,11/16/19,,Sat,(17) Cincinnati,20,@,South Florida,17,Raymond James Stadium - Tampa Florida
673,673,13,11/16/19,,Sat,(3) Clemson,52,,Wake Forest,3,Clemson Memorial Stadium - Clemson South Carolina
674,674,13,11/16/19,,Sat,(11) Florida,23,@,Missouri,6,Memorial Stadium/Faurot Field - Columbia Missouri
675,675,13,11/16/19,,Sat,Florida State,49,,Alabama State,12,Doak Campbell Stadium - Tallahassee Florida
676,676,13,11/16/19,,Sat,(5) Georgia,21,@,(13) Auburn,14,Jordan-Hare Stadium - Auburn Alabama
677,677,13,11/16/19,,Sat,Georgia Southern,51,,Louisiana-Monroe,29,Allen E. Paulson Stadium - Statesboro Georgia
678,678,13,11/16/19,,Sat,Hawaii,21,@,Nevada-Las Vegas,7,Sam Boyd Stadium - Las Vegas Nevada
679,679,13,11/16/19,,Sat,(23) Iowa,23,,(7) Minnesota,19,Kinnick Stadium - Iowa City Iowa
680,680,13,11/16/19,,Sat,Iowa State,23,,(22) Texas,21,Jack Trice Stadium - Ames Iowa
681,681,13,11/16/19,,Sat,Kentucky,38,@,Vanderbilt,14,Vanderbilt Stadium - Nashville Tennessee
682,682,13,11/16/19,,Sat,Louisiana,37,@,South Alabama,27,Ladd-Peebles Stadium - Mobile Alabama
683,683,13,11/16/19,,Sat,(1) Louisiana State,58,@,Mississippi,37,Vaught-Hemingway Stadium - Oxford Mississippi
684,684,13,11/16/19,,Sat,Louisville,34,@,North Carolina State,20,Carter-Finley Stadium - Raleigh North Carolina
685,685,13,11/16/19,,Sat,(18) Memphis,45,@,Houston,27,TDECU Stadium - Houston Texas
686,686,13,11/16/19,,Sat,(14) Michigan,44,,Michigan State,10,Michigan Stadium - Ann Arbor Michigan
687,687,13,11/16/19,,Sat,New Mexico State,41,,Incarnate Word,28,Aggie Memorial Stadium - Las Cruces New Mexico
688,688,13,11/16/19,,Sat,Northwestern,45,,Massachusetts,6,Ryan Field - Evanston Illinois
689,689,13,11/16/19,,Sat,(16) Notre Dame,52,,(21) Navy,20,Notre Dame Stadium - South Bend Indiana
690,690,13,11/16/19,,Sat,(2) Ohio State,56,@,Rutgers,21,SHI Stadium - Piscataway New Jersey
691,691,13,11/16/19,,Sat,(10) Oklahoma,34,@,(12) Baylor,31,McLane Stadium - Waco Texas
692,692,13,11/16/19,,Sat,(25) Oklahoma State,31,,Kansas,13,Boone Pickens Stadium - Stillwater Oklahoma
693,693,13,11/16/19,,Sat,(6) Oregon,34,,Arizona,6,Autzen Stadium - Eugene Oregon
694,694,13,11/16/19,,Sat,Oregon State,35,,Arizona State,34,Reser Stadium - Corvallis Oregon
695,695,13,11/16/19,,Sat,(9) Penn State,34,,(24) Indiana,27,Beaver Stadium - University Park Pennsylvania
696,696,13,11/16/19,,Sat,Rice,31,@,Middle Tennessee State,28,"Johnny ""Red"" Floyd Stadium - Murfreesboro Tennessee"
697,697,13,11/16/19,,Sat,Southern California,41,@,California,17,California Memorial Stadium - Berkeley California
698,698,13,11/16/19,,Sat,Southern Mississippi,36,@,Texas-San Antonio,17,Alamodome - San Antonio Texas
699,699,13,11/16/19,,Sat,Syracuse,49,@,Duke,6,Wallace Wade Stadium - Durham North Carolina
700,700,13,11/16/19,,Sat,Temple,29,,Tulane,21,Lincoln Financial Field - Philadelphia Pennsylvania
701,701,13,11/16/19,,Sat,Texas A&M,30,,South Carolina,6,Kyle Field - College Station Texas
702,702,13,11/16/19,,Sat,Texas Christian,33,@,Texas Tech,31,Jones AT&T Stadium - Lubbock Texas
703,703,13,11/16/19,,Sat,Troy,63,@,Texas State,27,Bobcat Stadium - San Marcos Texas
704,704,13,11/16/19,,Sat,(8) Utah,49,,UCLA,3,Rice-Eccles Stadium - Salt Lake City Utah
705,705,13,11/16/19,,Sat,Utah State,26,,Wyoming,21,Merlin Olsen Field at Maverik Stadium - Logan Utah
706,706,13,11/16/19,,Sat,Virginia Tech,45,@,Georgia Tech,0,Bobby Dodd Stadium - Atlanta Georgia
707,707,13,11/16/19,,Sat,Washington State,49,,Stanford,22,Martin Stadium - Pullman Washington
708,708,13,11/16/19,,Sat,West Virginia,24,@,Kansas State,20,Bill Snyder Family Stadium - Manhattan Kansas
709,709,13,11/16/19,,Sat,(15) Wisconsin,37,@,Nebraska,21,Memorial Stadium - Lincoln Nebraska
710,710,14,11/19/19,,Tue,Eastern Michigan,45,@,Northern Illinois,17,Huskie Stadium - DeKalb Illinois
711,711,14,11/19/19,,Tue,Ohio,66,@,Bowling Green State,24,Doyt Perry Stadium - Bowling Green Ohio
712,712,14,11/20/19,,Wed,Buffalo,49,,Toledo,30,UB Stadium - Buffalo New York
713,713,14,11/20/19,,Wed,Miami (OH),20,,Akron,17,Fred Yager Stadium - Oxford Ohio
714,714,14,11/21/19,,Thu,Georgia Tech,28,,North Carolina State,26,Bobby Dodd Stadium - Atlanta Georgia
715,715,14,11/22/19,,Fri,Wyoming,17,,Colorado State,7,Jonah Field War Memorial Stadium - Laramie Wyoming
716,716,14,11/23/19,,Sat,Air Force,44,@,New Mexico,22,Dreamstyle Stadium - Albuquerque New Mexico
717,717,14,11/23/19,,Sat,(5) Alabama,66,,Western Carolina,3,Bryant-Denny Stadium - Tuscaloosa Alabama
718,718,14,11/23/19,,Sat,Alabama-Birmingham,20,,Louisiana Tech,14,Legion Field - Birmingham Alabama
719,719,14,11/23/19,,Sat,(23) Appalachian State,35,,Texas State,13,Kidd Brewer Stadium - Boone North Carolina
720,720,14,11/23/19,,Sat,Arizona State,31,,(6) Oregon,28,Sun Devil Stadium - Tempe Arizona
721,721,14,11/23/19,,Sat,Arkansas State,38,,Georgia Southern,33,Centennial Bank Stadium - Jonesboro Arkansas
722,722,14,11/23/19,,Sat,(16) Auburn,52,,Samford,0,Jordan-Hare Stadium - Auburn Alabama
723,723,14,11/23/19,,Sat,(13) Baylor,24,,Texas,10,McLane Stadium - Waco Texas
724,724,14,11/23/19,,Sat,(20) Boise State,56,@,Utah State,21,Merlin Olsen Field at Maverik Stadium - Logan Utah
725,725,14,11/23/19,,Sat,Brigham Young,56,@,Massachusetts,24,Warren McGuirk Alumni Stadium - Amherst Massachusetts
726,726,14,11/23/19,,Sat,California,24,@,Stanford,20,Stanford Stadium - Stanford California
727,727,14,11/23/19,,Sat,Central Florida,34,@,Tulane,31,Yulman Stadium - New Orleans Louisiana
728,728,14,11/23/19,,Sat,Charlotte,24,,Marshall,13,Jerry Richardson Stadium - Charlotte North Carolina
729,729,14,11/23/19,,Sat,(17) Cincinnati,15,,Temple,13,Nippert Stadium - Cincinnati Ohio
730,730,14,11/23/19,,Sat,Colorado,20,,Washington,14,Folsom Field - Boulder Colorado
731,731,14,11/23/19,,Sat,East Carolina,31,@,Connecticut,24,Pratt & Whitney Stadium at Rentschler Field - East Hartford Connecticut
732,732,14,11/23/19,,Sat,Florida Atlantic,40,@,Texas-San Antonio,26,Alamodome - San Antonio Texas
733,733,14,11/23/19,,Sat,Florida International,30,,Miami (FL),24,Riccardo Silva Stadium - Miami Florida
734,734,14,11/23/19,,Sat,(4) Georgia,19,,(24) Texas A&M,13,Sanford Stadium - Athens Georgia
735,735,14,11/23/19,,Sat,Georgia State,28,,South Alabama,15,Georgia State Stadium - Atlanta Georgia
736,736,14,11/23/19,,Sat,Hawaii,14,,San Diego State,11,Aloha Stadium - Honolulu Hawaii
737,737,14,11/23/19,,Sat,Houston,24,@,Tulsa,14,Skelly Field at H.A. Chapman Stadium - Tulsa Oklahoma
738,738,14,11/23/19,,Sat,(19) Iowa,19,,Illinois,10,Kinnick Stadium - Iowa City Iowa
739,739,14,11/23/19,,Sat,Iowa State,41,,Kansas,31,Jack Trice Stadium - Ames Iowa
740,740,14,11/23/19,,Sat,Kansas State,30,@,Texas Tech,27,Jones AT&T Stadium - Lubbock Texas
741,741,14,11/23/19,,Sat,Kent State,41,,Ball State,38,Dix Stadium - Kent Ohio
742,742,14,11/23/19,,Sat,Kentucky,50,,Tennessee-Martin,7,Kroger Field - Lexington Kentucky
743,743,14,11/23/19,,Sat,Louisiana,53,,Troy,3,Cajun Field - Lafayette Louisiana
744,744,14,11/23/19,,Sat,(1) Louisiana State,56,,Arkansas,20,Tiger Stadium - Baton Rouge Louisiana
745,745,14,11/23/19,,Sat,Louisiana-Monroe,45,,Coastal Carolina,42,Malone Stadium - Monroe Louisiana
746,746,14,11/23/19,,Sat,Louisville,56,,Syracuse,34,Cardinal Stadium - Louisville Kentucky
747,747,14,11/23/19,,Sat,(18) Memphis,49,@,South Florida,10,Raymond James Stadium - Tampa Florida
748,748,14,11/23/19,,Sat,(12) Michigan,39,@,Indiana,14,"Memorial Stadium ""The Rock"" - Bloomington Indiana"
749,749,14,11/23/19,,Sat,Michigan State,27,@,Rutgers,0,SHI Stadium - Piscataway New Jersey
750,750,14,11/23/19,,Sat,Middle Tennessee State,38,,Old Dominion,17,"Johnny ""Red"" Floyd Stadium - Murfreesboro Tennessee"
751,751,14,11/23/19,,Sat,(11) Minnesota,38,@,Northwestern,22,Ryan Field - Evanston Illinois
752,752,14,11/23/19,,Sat,Mississippi State,45,,Abilene Christian,7,Davis Wade Stadium - Starkville Mississippi
753,753,14,11/23/19,,Sat,Navy,35,,(21) Southern Methodist,28,Navy-Marine Corps Memorial Stadium - Annapolis Maryland
754,754,14,11/23/19,,Sat,Nebraska,54,@,Maryland,7,Capital One Field at Maryland Stadium - College Park Maryland
755,755,14,11/23/19,,Sat,Nevada,35,@,Fresno State,28,Bulldog Stadium - Fresno California
756,756,14,11/23/19,,Sat,Nevada-Las Vegas,38,,San Jose State,35,Sam Boyd Stadium - Las Vegas Nevada
757,757,14,11/23/19,,Sat,New Mexico State,44,,Texas-El Paso,35,Aggie Memorial Stadium - Las Cruces New Mexico
758,758,14,11/23/19,,Sat,North Carolina,56,,Mercer,7,Kenan Memorial Stadium - Chapel Hill North Carolina
759,759,14,11/23/19,,Sat,(15) Notre Dame,40,,Boston College,7,Notre Dame Stadium - South Bend Indiana
760,760,14,11/23/19,,Sat,(2) Ohio State,28,,(9) Penn State,17,Ohio Stadium - Columbus Ohio
761,761,14,11/23/19,,Sat,(8) Oklahoma,28,,Texas Christian,24,Gaylord Family - Oklahoma Memorial Stadium - Norman Oklahoma
762,762,14,11/23/19,,Sat,(22) Oklahoma State,20,@,West Virginia,13,Mountaineer Field at Milan Puskar Stadium - Morgantown West Virginia
763,763,14,11/23/19,,Sat,Rice,20,,North Texas,14,Rice Stadium - Houston Texas
764,764,14,11/23/19,,Sat,Southern California,52,,UCLA,35,Los Angeles Memorial Coliseum - Los Angeles California
765,765,14,11/23/19,,Sat,Tennessee,24,@,Missouri,20,Memorial Stadium/Faurot Field - Columbia Missouri
766,766,14,11/23/19,,Sat,(7) Utah,35,@,Arizona,7,Arizona Stadium - Tucson Arizona
767,767,14,11/23/19,,Sat,Vanderbilt,38,,East Tennessee State,0,Vanderbilt Stadium - Nashville Tennessee
768,768,14,11/23/19,,Sat,Virginia,55,,Liberty,27,Scott Stadium - Charlottesville Virginia
769,769,14,11/23/19,,Sat,(25) Virginia Tech,28,,Pittsburgh,0,Lane Stadium - Blacksburg Virginia
770,770,14,11/23/19,,Sat,Wake Forest,39,,Duke,27,BB&T Field - Winston-Salem North Carolina
771,771,14,11/23/19,,Sat,Washington State,54,,Oregon State,53,Martin Stadium - Pullman Washington
772,772,14,11/23/19,,Sat,Western Kentucky,28,@,Southern Mississippi,10,M. M. Roberts Stadium - Hattiesburg Mississippi
773,773,14,11/23/19,,Sat,(14) Wisconsin,45,,Purdue,24,Camp Randall Stadium - Madison Wisconsin
774,774,15,11/26/19,,Tue,Northern Illinois,17,,Western Michigan,14,Huskie Stadium - DeKalb Illinois
775,775,15,11/26/19,,Tue,Ohio,52,@,Akron,3,InfoCision Stadium - Akron Ohio
776,776,15,11/28/19,,Thu,Mississippi State,21,,Mississippi,20,Davis Wade Stadium - Starkville Mississippi
777,777,15,11/29/19,,Fri,(22) Appalachian State,48,@,Troy,13,Veterans Memorial Stadium - Troy Alabama
778,778,15,11/29/19,,Fri,Ball State,41,,Miami (OH),27,Scheumann Stadium - Muncie Indiana
779,779,15,11/29/19,,Fri,(20) Boise State,31,@,Colorado State,24,Sonny Lubrick Field at Canvas Stadium - Fort Collins Colorado
780,780,15,11/29/19,,Fri,Buffalo,49,,Bowling Green State,7,UB Stadium - Buffalo New York
781,781,15,11/29/19,,Fri,Central Florida,34,,South Florida,7,Spectrum Stadium - Orlando Florida
782,782,15,11/29/19,,Fri,Central Michigan,49,,Toledo,7,Kelly/Shorts Stadium - Mount Pleasant Michigan
783,783,15,11/29/19,,Fri,(19) Iowa,27,@,Nebraska,24,Memorial Stadium - Lincoln Nebraska
784,784,15,11/29/19,,Fri,Kent State,34,@,Eastern Michigan,26,Rynearson Stadium - Ypsilanti Michigan
785,785,15,11/29/19,,Fri,(17) Memphis,34,,(18) Cincinnati,24,Liberty Bowl Memorial Stadium - Memphis Tennessee
786,786,15,11/29/19,,Fri,Missouri,24,@,Arkansas,14,War Memorial Stadium - Little Rock Arkansas
787,787,15,11/29/19,,Fri,South Alabama,34,,Arkansas State,30,Ladd-Peebles Stadium - Mobile Alabama
788,788,15,11/29/19,,Fri,Texas,49,,Texas Tech,24,Darrell K Royal-Texas Memorial Stadium - Austin Texas
789,789,15,11/29/19,,Fri,Virginia,39,,(23) Virginia Tech,30,Scott Stadium - Charlottesville Virginia
790,790,15,11/29/19,,Fri,Washington,31,,Washington State,13,Husky Stadium - Seattle Washington
791,791,15,11/29/19,,Fri,West Virginia,20,@,Texas Christian,17,Amon G. Carter Stadium - Fort Worth Texas
792,792,15,11/30/19,,Sat,Air Force,20,,Wyoming,6,Falcon Stadium - Colorado Springs Colorado
793,793,15,11/30/19,,Sat,Alabama-Birmingham,26,@,North Texas,21,Apogee Stadium - Denton Texas
794,794,15,11/30/19,,Sat,Arizona State,24,,Arizona,14,Sun Devil Stadium - Tempe Arizona
795,795,15,11/30/19,,Sat,(16) Auburn,48,,(5) Alabama,45,Jordan-Hare Stadium - Auburn Alabama
796,796,15,11/30/19,,Sat,(11) Baylor,61,@,Kansas,6,David Booth Kansas Memorial Stadium - Lawrence Kansas
797,797,15,11/30/19,,Sat,Boston College,26,@,Pittsburgh,19,Heinz Field - Pittsburgh Pennsylvania
798,798,15,11/30/19,,Sat,California,28,@,UCLA,18,Rose Bowl - Pasadena California
799,799,15,11/30/19,,Sat,Charlotte,38,@,Old Dominion,22,Foreman Field at S.B. Ballard Stadium - Norfolk Virginia
800,800,15,11/30/19,,Sat,(3) Clemson,38,@,South Carolina,3,Williams-Brice Stadium - Columbia South Carolina
801,801,15,11/30/19,,Sat,Coastal Carolina,24,,Texas State,21,Brooks Stadium - Conway South Carolina
802,802,15,11/30/19,,Sat,Duke,27,,Miami (FL),17,Wallace Wade Stadium - Durham North Carolina
803,803,15,11/30/19,,Sat,(8) Florida,40,,Florida State,17,Ben Hill Griffin Stadium - Gainesville Florida
804,804,15,11/30/19,,Sat,Florida Atlantic,34,,Southern Mississippi,17,FAU Football Stadium - Boca Raton Florida
805,805,15,11/30/19,,Sat,(4) Georgia,52,@,Georgia Tech,7,Bobby Dodd Stadium - Atlanta Georgia
806,806,15,11/30/19,,Sat,Georgia Southern,38,,Georgia State,10,Allen E. Paulson Stadium - Statesboro Georgia
807,807,15,11/30/19,,Sat,Hawaii,52,,Army,31,Aloha Stadium - Honolulu Hawaii
808,808,15,11/30/19,,Sat,Indiana,44,@,Purdue,41,Ross-Ade Stadium - West Lafayette Indiana
809,809,15,11/30/19,,Sat,Kansas State,27,,Iowa State,17,Bill Snyder Family Stadium - Manhattan Kansas
810,810,15,11/30/19,,Sat,Kentucky,45,,Louisville,13,Kroger Field - Lexington Kentucky
811,811,15,11/30/19,,Sat,Liberty,49,,New Mexico State,28,Williams Stadium - Lynchburg Virginia
812,812,15,11/30/19,,Sat,Louisiana,31,,Louisiana-Monroe,30,Cajun Field - Lafayette Louisiana
813,813,15,11/30/19,,Sat,(1) Louisiana State,50,,Texas A&M,7,Tiger Stadium - Baton Rouge Louisiana
814,814,15,11/30/19,,Sat,Louisiana Tech,41,,Texas-San Antonio,27,Joe Aillet Stadium - Ruston Louisiana
815,815,15,11/30/19,,Sat,Marshall,30,,Florida International,27,Joan C. Edwards Stadium - Huntington West Virginia
816,816,15,11/30/19,,Sat,Michigan State,19,,Maryland,16,Spartan Stadium - East Lansing Michigan
817,817,15,11/30/19,,Sat,(24) Navy,56,@,Houston,41,TDECU Stadium - Houston Texas
818,818,15,11/30/19,,Sat,Nevada-Las Vegas,33,@,Nevada,30,MacKay Stadium - Reno Nevada
819,819,15,11/30/19,,Sat,North Carolina,41,@,North Carolina State,10,Carter-Finley Stadium - Raleigh North Carolina
820,820,15,11/30/19,,Sat,Northwestern,29,@,Illinois,10,Memorial Stadium - Champaign Illinois
821,821,15,11/30/19,,Sat,(15) Notre Dame,45,@,Stanford,24,Stanford Stadium - Stanford California
822,822,15,11/30/19,,Sat,(2) Ohio State,56,@,(10) Michigan,27,Michigan Stadium - Ann Arbor Michigan
823,823,15,11/30/19,,Sat,(7) Oklahoma,34,@,(21) Oklahoma State,16,Boone Pickens Stadium - Stillwater Oklahoma
824,824,15,11/30/19,,Sat,(14) Oregon,24,,Oregon State,10,Autzen Stadium - Eugene Oregon
825,825,15,11/30/19,,Sat,(12) Penn State,27,,Rutgers,6,Beaver Stadium - University Park Pennsylvania
826,826,15,11/30/19,,Sat,Rice,30,@,Texas-El Paso,16,Sun Bowl - El Paso Texas
827,827,15,11/30/19,,Sat,San Diego State,13,,Brigham Young,3,SDCCU Stadium - San Diego California
828,828,15,11/30/19,,Sat,San Jose State,17,,Fresno State,16,CEFCU Stadium - San Jose California
829,829,15,11/30/19,,Sat,Southern Methodist,37,,Tulane,20,Gerald J. Ford Stadium - Dallas Texas
830,830,15,11/30/19,,Sat,Syracuse,39,,Wake Forest,30,Carrier Dome - Syracuse New York
831,831,15,11/30/19,,Sat,Temple,49,,Connecticut,17,Lincoln Financial Field - Philadelphia Pennsylvania
832,832,15,11/30/19,,Sat,Tennessee,28,,Vanderbilt,10,Neyland Stadium - Knoxville Tennessee
833,833,15,11/30/19,,Sat,Tulsa,49,@,East Carolina,24,Dowdy-Ficklen Stadium - Greenville North Carolina
834,834,15,11/30/19,,Sat,(6) Utah,45,,Colorado,15,Rice-Eccles Stadium - Salt Lake City Utah
835,835,15,11/30/19,,Sat,Utah State,38,@,New Mexico,25,Dreamstyle Stadium - Albuquerque New Mexico
836,836,15,11/30/19,,Sat,Western Kentucky,31,,Middle Tennessee State,26,Houchens Industries-L.T. Smith Stadium - Bowling Green Kentucky
837,837,15,11/30/19,,Sat,(13) Wisconsin,38,@,(9) Minnesota,17,TCF Bank Stadium - Minneapolis Minnesota
838,838,16,12/06/19,,Fri,(13) Oregon,37,,(5) Utah,15,Levi's Stadium - Santa Clara California
839,839,16,12/07/19,,Sat,(20) Appalachian State,45,,Louisiana,38,Kidd Brewer Stadium - Boone North Carolina
840,840,16,12/07/19,,Sat,(19) Boise State,31,,Hawaii,10,Albertsons Stadium - Boise Idaho
841,841,16,12/07/19,,Sat,(3) Clemson,62,,(22) Virginia,17,Bank of America Stadium - Charlotte North Carolina
842,842,16,12/07/19,,Sat,Florida Atlantic,49,,Alabama-Birmingham,6,FAU Football Stadium - Boca Raton Florida
843,843,16,12/07/19,,Sat,(1) Louisiana State,37,,(4) Georgia,10,Mercedes-Benz Stadium - Atlanta Georgia
844,844,16,12/07/19,,Sat,(16) Memphis,29,,(21) Cincinnati,24,Liberty Bowl Memorial Stadium - Memphis Tennessee
845,845,16,12/07/19,,Sat,Miami (OH),26,,Central Michigan,21,Ford Field - Detroit Michigan
846,846,16,12/07/19,,Sat,(2) Ohio State,34,,(10) Wisconsin,21,Lucas Oil Stadium - Indianapolis Indiana
847,847,16,12/07/19,,Sat,(6) Oklahoma,30,,(8) Baylor,23,AT&T Stadium - Arlington Texas
848,848,17,12/14/19,,Sat,(21) Navy,31,,Army,7,Lincoln Financial Field - Philadelphia Pennsylvania
849,849,18,12/20/19,,Fri,Buffalo,31,,Charlotte,9,Bahamas Bowl (Thomas A. Robinson Stadium - Nassau BHS)
850,850,18,12/20/19,,Fri,Kent State,51,,Utah State,41,Frisco Bowl (Toyota Stadium - Frisco Texas)
851,851,18,12/21/19,,Sat,(20) Appalachian State,31,,Alabama-Birmingham,17,New Orleans Bowl (Mercedes-Benz Superdome - New Orleans Louisiana)
852,852,18,12/21/19,,Sat,Arkansas State,34,,Florida International,26,Camellia Bowl (Cramton Bowl - Montgomery Alabama)
853,853,18,12/21/19,,Sat,Florida Atlantic,52,,Southern Methodist,28,Boca Raton Bowl (FAU Football Stadium - Boca Raton Florida)
854,854,18,12/21/19,,Sat,Liberty,23,,Georgia Southern,16,Cure Bowl (Exploria Stadium - Orlando Florida)
855,855,18,12/21/19,,Sat,San Diego State,48,,Central Michigan,11,New Mexico Bowl (Dreamstyle Stadium - Albuquerque New Mexico)
856,856,18,12/21/19,,Sat,Washington,38,,(18) Boise State,7,Las Vegas Bowl (Sam Boyd Stadium - Las Vegas Nevada)
857,857,18,12/23/19,,Mon,Central Florida,48,,Marshall,25,Gasparilla Bowl (Raymond James Stadium - Tampa Florida)
858,858,19,12/24/19,,Tue,Hawaii,38,,Brigham Young,34,Hawaii Bowl (Aloha Stadium - Honolulu Hawaii)
859,859,19,12/26/19,,Thu,Louisiana Tech,14,,Miami (FL),0,Independence Bowl (Independence Stadium - Shreveport Louisiana)
860,860,19,12/26/19,,Thu,Pittsburgh,34,,Eastern Michigan,30,Quick Lane Bowl (Ford Field - Detroit Michigan)
861,861,19,12/27/19,,Fri,(24) Air Force,31,,Washington State,21,Cheez-It Bowl (Chase Field - Phoenix Arizona)
862,862,19,12/27/19,,Fri,(19) Iowa,49,,(22) Southern California,24,Holiday Bowl (SDCCU Stadium - San Diego California)
863,863,19,12/27/19,,Fri,Michigan State,27,,Wake Forest,21,Pinstripe Bowl (Yankee Stadium - New York New York)
864,864,19,12/27/19,,Fri,North Carolina,55,,Temple,13,Military Bowl (Navy-Marine Corps Memorial Stadium - Annapolis Maryland)
865,865,19,12/27/19,,Fri,Texas A&M,24,,(25) Oklahoma State,21,Texas Bowl (NRG Stadium - Houston Texas)
866,866,19,12/28/19,,Sat,(3) Clemson,29,,(2) Ohio State,23,Fiesta Bowl (State Farm Stadium - Glendale Arizona)
867,867,19,12/28/19,,Sat,(1) Louisiana State,63,,(4) Oklahoma,28,Peach Bowl (Mercedes-Benz Stadium - Atlanta Georgia)
868,868,19,12/28/19,,Sat,(14) Notre Dame,33,,Iowa State,9,Camping World Bowl (Camping World Stadium - Orlando Florida)
869,869,19,12/28/19,,Sat,(13) Penn State,53,,(15) Memphis,39,Cotton Bowl (AT&T Stadium - Arlington Texas)
870,870,20,12/30/19,,Mon,California,35,,Illinois,20,Redbox Bowl (Levi's Stadium - Santa Clara California)
871,871,20,12/30/19,,Mon,(6) Florida,36,,Virginia,28,Orange Bowl (Hard Rock Stadium - Miami Gardens Florida)
872,872,20,12/30/19,,Mon,Louisville,38,,Mississippi State,28,Music City Bowl (Nissan Stadium - Nashville Tennessee)
873,873,20,12/30/19,,Mon,Western Kentucky,23,,Western Michigan,20,First Responder Bowl (Gerald J. Ford Stadium - Dallas Texas)
874,874,21,12/31/19,,Tue,Arizona State,20,,Florida State,14,Sun Bowl (Sun Bowl - El Paso Texas)
875,875,21,12/31/19,,Tue,Kentucky,37,,Virginia Tech,30,Belk Bowl (Bank of America Stadium - Charlotte North Carolina)
876,876,21,12/31/19,,Tue,(21) Navy,20,,Kansas State,17,Liberty Bowl (Liberty Bowl Memorial Stadium - Memphis Tennessee)
877,877,21,12/31/19,,Tue,Texas,38,,(12) Utah,10,Alamo Bowl (Alamodome - San Antonio Texas)
878,878,21,12/31/19,,Tue,Wyoming,38,,Georgia State,17,Arizona Bowl (Arizona Stadium - Tucson Arizona)
879,879,21,01/01/20,,Wed,(9) Alabama,35,,(17) Michigan,16,Citrus Bowl (Camping World Stadium - Orlando Florida)
880,880,21,01/01/20,,Wed,(5) Georgia,26,,(8) Baylor,14,Sugar Bowl (Mercedes-Benz Superdome - New Orleans Louisiana)
881,881,21,01/01/20,,Wed,(16) Minnesota,31,,(9) Auburn,24,Outback Bowl (Raymond James Stadium - Tampa Florida)
882,882,21,01/01/20,,Wed,(7) Oregon,28,,(11) Wisconsin,27,Rose Bowl (Rose Bowl - Pasadena California)
883,883,21,01/02/20,,Thu,(23) Cincinnati,38,,Boston College,6,Birmingham Bowl (Legion Field - Birmingham Alabama)
884,884,21,01/02/20,,Thu,Tennessee,23,,Indiana,22,Gator Bowl (TIAA Bank Field - Jacksonville Florida)
885,885,21,01/03/20,,Fri,Ohio,30,,Nevada,21,Famous Idaho Potato Bowl (Albertsons Stadium - Boise Idaho)
886,886,21,01/04/20,,Sat,Tulane,30,,Southern Mississippi,13,Armed Forces Bowl (Amon G. Carter Stadium - Fort Worth Texas)
887,887,21,01/06/20,,Mon,Louisiana,27,,Miami (OH),17,LendingTree Bowl (Ladd-Peebles Stadium - Mobile Alabama)
888,888,22,01/13/20,,Mon,(1) Louisiana State,42,,(3) Clemson,25,College Football Championship (Mercedes-Benz Superdome - New Orleans Louisiana)
