"","Rk","Wk","Date","Day","Winner","Pts","","Loser","Pts.1"
"1","1","1","Sep 1, 2011","Thu","Arizona State","48","","Non-Major","14"
"2","2","1","Sep 1, 2011","Thu","Bowling Green State","32","@","Idaho","15"
"3","3","1","Sep 1, 2011","Thu","Central Michigan","21","","Non-Major","6"
"4","4","1","Sep 1, 2011","Thu","Florida International","41","","North Texas","16"
"5","5","1","Sep 1, 2011","Thu","Georgia Tech","63","","Non-Major","21"
"6","6","1","Sep 1, 2011","Thu","Kentucky","14","","Western Kentucky","3"
"7","7","1","Sep 1, 2011","Thu","Louisville","21","","Non-Major","9"
"8","8","1","Sep 1, 2011","Thu","Mississippi State","59","@","Memphis","14"
"9","9","1","Sep 1, 2011","Thu","Rutgers","48","","Non-Major","0"
"10","10","1","Sep 1, 2011","Thu","Syracuse","36","","Wake Forest","29"
"11","11","1","Sep 1, 2011","Thu","Temple","42","","Non-Major","7"
"12","12","1","Sep 1, 2011","Thu","Toledo","58","","Non-Major","22"
"13","13","1","Sep 1, 2011","Thu","Utah","27","","Non-Major","10"
"14","14","1","Sep 1, 2011","Thu","Wisconsin","51","","Nevada-Las Vegas","17"
"15","15","1","Sep 2, 2011","Fri","Baylor","50","","Texas Christian","48"
"16","16","1","Sep 2, 2011","Fri","Michigan State","28","","Non-Major","6"
"17","17","1","Sep 3, 2011","Sat","Air Force","37","","Non-Major","20"
"18","18","1","Sep 3, 2011","Sat","Alabama","48","","Kent State","7"
"19","19","1","Sep 3, 2011","Sat","Arizona","41","","Non-Major","10"
"20","20","1","Sep 3, 2011","Sat","Arkansas","51","","Non-Major","7"
"21","21","1","Sep 3, 2011","Sat","Auburn","42","","Utah State","38"
"22","22","1","Sep 3, 2011","Sat","Boise State","35","@","Georgia","21"
"23","23","1","Sep 3, 2011","Sat","Brigham Young","14","@","Mississippi","13"
"24","24","1","Sep 3, 2011","Sat","California","36","","Fresno State","21"
"25","25","1","Sep 3, 2011","Sat","Central Florida","62","","Non-Major","0"
"26","26","1","Sep 3, 2011","Sat","Cincinnati","72","","Non-Major","10"
"27","27","1","Sep 3, 2011","Sat","Clemson","43","","Troy","19"
"28","28","1","Sep 3, 2011","Sat","Colorado State","14","@","New Mexico","10"
"29","29","1","Sep 3, 2011","Sat","Connecticut","35","","Non-Major","3"
"30","30","1","Sep 3, 2011","Sat","Florida","41","","Florida Atlantic","3"
"31","31","1","Sep 3, 2011","Sat","Florida State","34","","Louisiana-Monroe","0"
"32","32","1","Sep 3, 2011","Sat","Hawaii","34","","Colorado","17"
"33","33","1","Sep 3, 2011","Sat","Houston","38","","UCLA","34"
"34","34","1","Sep 3, 2011","Sat","Illinois","33","","Arkansas State","15"
"35","35","1","Sep 3, 2011","Sat","Iowa","34","","Non-Major","7"
"36","36","1","Sep 3, 2011","Sat","Iowa State","20","","Non-Major","19"
"37","37","1","Sep 3, 2011","Sat","Kansas","42","","Non-Major","24"
"38","38","1","Sep 3, 2011","Sat","Kansas State","10","","Non-Major","7"
"39","39","1","Sep 3, 2011","Sat","Louisiana State","40","","Oregon","27"
"40","40","1","Sep 3, 2011","Sat","Michigan","34","","Western Michigan","10"
"41","41","1","Sep 3, 2011","Sat","Missouri","17","","Miami (OH)","6"
"42","42","1","Sep 3, 2011","Sat","Navy","40","","Non-Major","17"
"43","43","1","Sep 3, 2011","Sat","Nebraska","40","","Non-Major","7"
"44","44","1","Sep 3, 2011","Sat","North Carolina","42","","Non-Major","10"
"45","45","1","Sep 3, 2011","Sat","North Carolina State","43","","Non-Major","21"
"46","46","1","Sep 3, 2011","Sat","Northern Illinois","49","","Army","26"
"47","47","1","Sep 3, 2011","Sat","Northwestern","24","@","Boston College","17"
"48","48","1","Sep 3, 2011","Sat","Ohio","44","@","New Mexico State","24"
"49","49","1","Sep 3, 2011","Sat","Ohio State","42","","Akron","0"
"50","50","1","Sep 3, 2011","Sat","Oklahoma","47","","Tulsa","14"
"51","51","1","Sep 3, 2011","Sat","Oklahoma State","61","","Louisiana","34"
"52","52","1","Sep 3, 2011","Sat","Penn State","41","","Non-Major","7"
"53","53","1","Sep 3, 2011","Sat","Pittsburgh","35","","Buffalo","16"
"54","54","1","Sep 3, 2011","Sat","Purdue","27","","Middle Tennessee State","24"
"55","55","1","Sep 3, 2011","Sat","Non-Major","23","@","Duke","21"
"56","56","1","Sep 3, 2011","Sat","Non-Major","29","@","Oregon State","28"
"57","57","1","Sep 3, 2011","Sat","San Diego State","49","","Non-Major","21"
"58","58","1","Sep 3, 2011","Sat","South Florida","23","@","Notre Dame","20"
"59","59","1","Sep 3, 2011","Sat","Southern California","19","","Minnesota","17"
"60","60","1","Sep 3, 2011","Sat","Southern Mississippi","19","","Louisiana Tech","17"
"61","61","1","Sep 3, 2011","Sat","Stanford","57","","San Jose State","3"
"62","62","1","Sep 3, 2011","Sat","Tennessee","42","","Non-Major","16"
"63","63","1","Sep 3, 2011","Sat","Texas","34","","Rice","9"
"64","64","1","Sep 3, 2011","Sat","Texas Tech","50","","Non-Major","10"
"65","65","1","Sep 3, 2011","Sat","Texas-El Paso","31","","Non-Major","24"
"66","66","1","Sep 3, 2011","Sat","Tulane","47","","Non-Major","33"
"67","67","1","Sep 3, 2011","Sat","Vanderbilt","45","","Non-Major","14"
"68","68","1","Sep 3, 2011","Sat","Virginia","40","","Non-Major","3"
"69","69","1","Sep 3, 2011","Sat","Virginia Tech","66","","Non-Major","13"
"70","70","1","Sep 3, 2011","Sat","Washington","30","","Non-Major","27"
"71","71","1","Sep 3, 2011","Sat","Washington State","64","","Non-Major","21"
"72","72","1","Sep 3, 2011","Sat","Wyoming","35","","Non-Major","32"
"73","73","1","Sep 4, 2011","Sun","Eastern Michigan","41","","Non-Major","9"
"74","74","1","Sep 4, 2011","Sun","Texas A&M","46","","Southern Methodist","14"
"75","75","1","Sep 4, 2011","Sun","West Virginia","34","","Marshall","13"
"76","76","1","Sep 5, 2011","Mon","Maryland","32","","Miami (FL)","24"
"78","77","2","Sep 8, 2011","Thu","Oklahoma State","37","","Arizona","14"
"79","78","2","Sep 9, 2011","Fri","Arizona State","37","","Missouri","30"
"80","79","2","Sep 9, 2011","Fri","Florida International","24","@","Louisville","17"
"81","80","2","Sep 10, 2011","Sat","Alabama","27","@","Penn State","11"
"82","81","2","Sep 10, 2011","Sat","Arkansas","52","","New Mexico","3"
"83","82","2","Sep 10, 2011","Sat","Arkansas State","47","","Memphis","3"
"84","83","2","Sep 10, 2011","Sat","Auburn","41","","Mississippi State","34"
"85","84","2","Sep 10, 2011","Sat","Bowling Green State","58","","Non-Major","13"
"86","85","2","Sep 10, 2011","Sat","Buffalo","35","","Non-Major","7"
"87","86","2","Sep 10, 2011","Sat","California","36","@","Colorado","33"
"88","87","2","Sep 10, 2011","Sat","Central Florida","30","","Boston College","3"
"89","88","2","Sep 10, 2011","Sat","Clemson","35","","Non-Major","27"
"90","89","2","Sep 10, 2011","Sat","Colorado State","33","","Non-Major","14"
"91","90","2","Sep 10, 2011","Sat","Eastern Michigan","14","","Non-Major","7"
"92","91","2","Sep 10, 2011","Sat","Florida","39","","Alabama-Birmingham","0"
"93","92","2","Sep 10, 2011","Sat","Florida State","62","","Non-Major","10"
"94","93","2","Sep 10, 2011","Sat","Georgia Tech","49","@","Middle Tennessee State","21"
"95","94","2","Sep 10, 2011","Sat","Houston","48","@","North Texas","23"
"96","95","2","Sep 10, 2011","Sat","Idaho","44","","Non-Major","14"
"97","96","2","Sep 10, 2011","Sat","Illinois","56","","Non-Major","3"
"98","97","2","Sep 10, 2011","Sat","Iowa State","44","","Iowa","41"
"99","98","2","Sep 10, 2011","Sat","Kansas","45","","Northern Illinois","42"
"100","99","2","Sep 10, 2011","Sat","Kentucky","27","","Central Michigan","13"
"101","100","2","Sep 10, 2011","Sat","Louisiana","20","@","Kent State","12"
"102","101","2","Sep 10, 2011","Sat","Louisiana State","49","","Non-Major","3"
"103","102","2","Sep 10, 2011","Sat","Louisiana Tech","48","","Non-Major","42"
"104","103","2","Sep 10, 2011","Sat","Louisiana-Monroe","35","","Non-Major","7"
"105","104","2","Sep 10, 2011","Sat","Marshall","26","","Southern Mississippi","20"
"106","105","2","Sep 10, 2011","Sat","Michigan","35","","Notre Dame","31"
"107","106","2","Sep 10, 2011","Sat","Michigan State","44","","Florida Atlantic","0"
"108","107","2","Sep 10, 2011","Sat","Mississippi","42","","Non-Major","24"
"109","108","2","Sep 10, 2011","Sat","Navy","40","@","Western Kentucky","14"
"110","109","2","Sep 10, 2011","Sat","Nebraska","42","","Fresno State","29"
"111","110","2","Sep 10, 2011","Sat","New Mexico State","28","@","Minnesota","21"
"112","111","2","Sep 10, 2011","Sat","North Carolina","24","","Rutgers","22"
"113","112","2","Sep 10, 2011","Sat","Northwestern","42","","Non-Major","21"
"114","113","2","Sep 10, 2011","Sat","Ohio","30","","Non-Major","3"
"115","114","2","Sep 10, 2011","Sat","Ohio State","27","","Toledo","22"
"116","115","2","Sep 10, 2011","Sat","Oregon","69","","Nevada","20"
"117","116","2","Sep 10, 2011","Sat","Pittsburgh","35","","Non-Major","29"
"118","117","2","Sep 10, 2011","Sat","Rice","24","","Purdue","22"
"119","118","2","Sep 10, 2011","Sat","San Diego State","23","@","Army","20"
"120","119","2","Sep 10, 2011","Sat","South Carolina","45","@","Georgia","42"
"121","120","2","Sep 10, 2011","Sat","South Florida","37","","Ball State","7"
"122","121","2","Sep 10, 2011","Sat","Southern California","23","","Utah","14"
"123","122","2","Sep 10, 2011","Sat","Southern Methodist","28","","Texas-El Paso","17"
"124","123","2","Sep 10, 2011","Sat","Stanford","44","@","Duke","14"
"125","124","2","Sep 10, 2011","Sat","Syracuse","21","","Non-Major","14"
"126","125","2","Sep 10, 2011","Sat","Temple","41","@","Akron","3"
"127","126","2","Sep 10, 2011","Sat","Tennessee","45","","Cincinnati","23"
"128","127","2","Sep 10, 2011","Sat","Texas","17","","Brigham Young","16"
"129","128","2","Sep 10, 2011","Sat","Texas Christian","35","@","Air Force","19"
"130","129","2","Sep 10, 2011","Sat","Tulsa","31","@","Tulane","3"
"131","130","2","Sep 10, 2011","Sat","UCLA","27","","San Jose State","17"
"132","131","2","Sep 10, 2011","Sat","Utah State","54","","Non-Major","17"
"133","132","2","Sep 10, 2011","Sat","Vanderbilt","24","","Connecticut","21"
"134","133","2","Sep 10, 2011","Sat","Virginia","34","@","Indiana","31"
"135","134","2","Sep 10, 2011","Sat","Virginia Tech","17","@","East Carolina","10"
"136","135","2","Sep 10, 2011","Sat","Wake Forest","34","","North Carolina State","27"
"137","136","2","Sep 10, 2011","Sat","Washington","40","","Hawaii","32"
"138","137","2","Sep 10, 2011","Sat","Washington State","59","","Nevada-Las Vegas","7"
"139","138","2","Sep 10, 2011","Sat","West Virginia","55","","Non-Major","12"
"140","139","2","Sep 10, 2011","Sat","Western Michigan","38","","Non-Major","7"
"141","140","2","Sep 10, 2011","Sat","Wisconsin","35","","Oregon State","0"
"142","141","2","Sep 10, 2011","Sat","Wyoming","45","","Non-Major","10"
"144","142","3","Sep 15, 2011","Thu","Louisiana State","19","@","Mississippi State","6"
"145","143","3","Sep 16, 2011","Fri","Boise State","40","@","Toledo","15"
"146","144","3","Sep 16, 2011","Fri","Iowa State","24","@","Connecticut","20"
"147","145","3","Sep 17, 2011","Sat","Alabama","41","","North Texas","0"
"148","146","3","Sep 17, 2011","Sat","Arkansas","38","","Troy","28"
"149","147","3","Sep 17, 2011","Sat","Army","21","","Northwestern","14"
"150","148","3","Sep 17, 2011","Sat","Ball State","28","","Buffalo","25"
"151","149","3","Sep 17, 2011","Sat","Baylor","48","","Non-Major","0"
"152","150","3","Sep 17, 2011","Sat","California","63","","Non-Major","12"
"153","151","3","Sep 17, 2011","Sat","Cincinnati","59","","Akron","14"
"154","152","3","Sep 17, 2011","Sat","Clemson","38","","Auburn","24"
"155","153","3","Sep 17, 2011","Sat","Colorado","28","","Colorado State","14"
"156","154","3","Sep 17, 2011","Sat","Duke","20","@","Boston College","19"
"157","155","3","Sep 17, 2011","Sat","Florida","33","","Tennessee","23"
"158","156","3","Sep 17, 2011","Sat","Florida International","17","","Central Florida","10"
"159","157","3","Sep 17, 2011","Sat","Fresno State","27","","Non-Major","22"
"160","158","3","Sep 17, 2011","Sat","Georgia","59","","Non-Major","0"
"161","159","3","Sep 17, 2011","Sat","Georgia Tech","66","","Kansas","24"
"162","160","3","Sep 17, 2011","Sat","Houston","35","@","Louisiana Tech","34"
"163","161","3","Sep 17, 2011","Sat","Illinois","17","","Arizona State","14"
"164","162","3","Sep 17, 2011","Sat","Indiana","38","","Non-Major","21"
"165","163","3","Sep 17, 2011","Sat","Non-Major","44","@","Western Kentucky","16"
"166","164","3","Sep 17, 2011","Sat","Iowa","31","","Pittsburgh","27"
"167","165","3","Sep 17, 2011","Sat","Kansas State","37","","Kent State","0"
"168","166","3","Sep 17, 2011","Sat","Louisiana","38","","Non-Major","21"
"169","167","3","Sep 17, 2011","Sat","Louisville","24","@","Kentucky","17"
"170","168","3","Sep 17, 2011","Sat","Memphis","27","","Non-Major","6"
"171","169","3","Sep 17, 2011","Sat","Miami (FL)","24","","Ohio State","6"
"172","170","3","Sep 17, 2011","Sat","Michigan","31","","Eastern Michigan","3"
"173","171","3","Sep 17, 2011","Sat","Minnesota","29","","Miami (OH)","23"
"174","172","3","Sep 17, 2011","Sat","Missouri","69","","Non-Major","0"
"175","173","3","Sep 17, 2011","Sat","Nebraska","51","","Washington","38"
"176","174","3","Sep 17, 2011","Sat","Nevada","17","@","San Jose State","14"
"177","175","3","Sep 17, 2011","Sat","Nevada-Las Vegas","40","","Hawaii","20"
"178","176","3","Sep 17, 2011","Sat","North Carolina","28","","Virginia","17"
"179","177","3","Sep 17, 2011","Sat","North Carolina State","35","","Non-Major","13"
"180","178","3","Sep 17, 2011","Sat","Notre Dame","31","","Michigan State","13"
"181","179","3","Sep 17, 2011","Sat","Ohio","44","","Marshall","7"
"182","180","3","Sep 17, 2011","Sat","Oklahoma","23","@","Florida State","13"
"183","181","3","Sep 17, 2011","Sat","Oklahoma State","59","@","Tulsa","33"
"184","182","3","Sep 17, 2011","Sat","Oregon","56","","Non-Major","7"
"185","183","3","Sep 17, 2011","Sat","Penn State","14","@","Temple","10"
"186","184","3","Sep 17, 2011","Sat","Purdue","59","","Non-Major","0"
"187","185","3","Sep 17, 2011","Sat","San Diego State","42","","Washington State","24"
"188","186","3","Sep 17, 2011","Sat","South Carolina","24","","Navy","21"
"189","187","3","Sep 17, 2011","Sat","South Florida","70","","Non-Major","17"
"190","188","3","Sep 17, 2011","Sat","Southern California","38","","Syracuse","17"
"191","189","3","Sep 17, 2011","Sat","Southern Methodist","40","","Non-Major","7"
"192","190","3","Sep 17, 2011","Sat","Southern Mississippi","52","","Non-Major","6"
"193","191","3","Sep 17, 2011","Sat","Stanford","37","@","Arizona","10"
"194","192","3","Sep 17, 2011","Sat","Texas","49","@","UCLA","20"
"195","193","3","Sep 17, 2011","Sat","Texas A&M","37","","Idaho","7"
"196","194","3","Sep 17, 2011","Sat","Texas Christian","38","","Louisiana-Monroe","17"
"197","195","3","Sep 17, 2011","Sat","Texas Tech","59","@","New Mexico","13"
"198","196","3","Sep 17, 2011","Sat","Texas-El Paso","16","@","New Mexico State","10"
"199","197","3","Sep 17, 2011","Sat","Tulane","49","@","Alabama-Birmingham","10"
"200","198","3","Sep 17, 2011","Sat","Utah","54","@","Brigham Young","10"
"201","199","3","Sep 17, 2011","Sat","Vanderbilt","30","","Mississippi","7"
"202","200","3","Sep 17, 2011","Sat","Virginia Tech","26","","Arkansas State","7"
"203","201","3","Sep 17, 2011","Sat","Wake Forest","48","","Non-Major","5"
"204","202","3","Sep 17, 2011","Sat","West Virginia","37","@","Maryland","31"
"205","203","3","Sep 17, 2011","Sat","Western Michigan","44","","Central Michigan","14"
"206","204","3","Sep 17, 2011","Sat","Wyoming","28","@","Bowling Green State","27"
"208","205","4","Sep 22, 2011","Thu","Cincinnati","44","","North Carolina State","14"
"209","206","4","Sep 23, 2011","Fri","Brigham Young","24","","Central Florida","17"
"210","207","4","Sep 24, 2011","Sat","Air Force","63","","Non-Major","24"
"211","208","4","Sep 24, 2011","Sat","Akron","36","","Non-Major","13"
"212","209","4","Sep 24, 2011","Sat","Alabama","38","","Arkansas","14"
"213","210","4","Sep 24, 2011","Sat","Arizona State","43","","Southern California","22"
"214","211","4","Sep 24, 2011","Sat","Arkansas State","53","","Non-Major","24"
"215","212","4","Sep 24, 2011","Sat","Auburn","30","","Florida Atlantic","14"
"216","213","4","Sep 24, 2011","Sat","Ball State","48","","Army","21"
"217","214","4","Sep 24, 2011","Sat","Baylor","56","","Rice","31"
"218","215","4","Sep 24, 2011","Sat","Boise State","41","","Tulsa","21"
"219","216","4","Sep 24, 2011","Sat","Boston College","45","","Non-Major","17"
"220","217","4","Sep 24, 2011","Sat","Bowling Green State","37","@","Miami (OH)","23"
"221","218","4","Sep 24, 2011","Sat","Clemson","35","","Florida State","30"
"222","219","4","Sep 24, 2011","Sat","Colorado State","35","@","Utah State","34"
"223","220","4","Sep 24, 2011","Sat","Connecticut","17","@","Buffalo","3"
"224","221","4","Sep 24, 2011","Sat","Duke","48","","Tulane","27"
"225","222","4","Sep 24, 2011","Sat","East Carolina","28","","Alabama-Birmingham","23"
"226","223","4","Sep 24, 2011","Sat","Florida","48","@","Kentucky","10"
"227","224","4","Sep 24, 2011","Sat","Fresno State","48","@","Idaho","24"
"228","225","4","Sep 24, 2011","Sat","Georgia","27","@","Mississippi","13"
"229","226","4","Sep 24, 2011","Sat","Georgia Tech","35","","North Carolina","28"
"230","227","4","Sep 24, 2011","Sat","Hawaii","56","","Non-Major","14"
"231","228","4","Sep 24, 2011","Sat","Houston","56","","Non-Major","0"
"232","229","4","Sep 24, 2011","Sat","Illinois","23","","Western Michigan","20"
"233","230","4","Sep 24, 2011","Sat","Iowa","45","","Louisiana-Monroe","17"
"234","231","4","Sep 24, 2011","Sat","Kansas State","28","@","Miami (FL)","24"
"235","232","4","Sep 24, 2011","Sat","Kent State","33","","Non-Major","25"
"236","233","4","Sep 24, 2011","Sat","Louisiana","36","@","Florida International","31"
"237","234","4","Sep 24, 2011","Sat","Louisiana State","47","@","West Virginia","21"
"238","235","4","Sep 24, 2011","Sat","Michigan","28","","San Diego State","7"
"239","236","4","Sep 24, 2011","Sat","Michigan State","45","","Central Michigan","7"
"240","237","4","Sep 24, 2011","Sat","Mississippi State","26","","Louisiana Tech","20"
"241","238","4","Sep 24, 2011","Sat","Nebraska","38","@","Wyoming","14"
"242","239","4","Sep 24, 2011","Sat","Non-Major","37","@","Minnesota","24"
"243","240","4","Sep 24, 2011","Sat","North Texas","24","","Indiana","21"
"244","241","4","Sep 24, 2011","Sat","Northern Illinois","47","","Non-Major","30"
"245","242","4","Sep 24, 2011","Sat","Notre Dame","15","@","Pittsburgh","12"
"246","243","4","Sep 24, 2011","Sat","Ohio State","37","","Colorado","17"
"247","244","4","Sep 24, 2011","Sat","Oklahoma","38","","Missouri","28"
"248","245","4","Sep 24, 2011","Sat","Oklahoma State","30","@","Texas A&M","29"
"249","246","4","Sep 24, 2011","Sat","Oregon","56","@","Arizona","31"
"250","247","4","Sep 24, 2011","Sat","Penn State","34","","Eastern Michigan","6"
"251","248","4","Sep 24, 2011","Sat","Rutgers","38","","Ohio","26"
"252","249","4","Sep 24, 2011","Sat","Non-Major","48","@","New Mexico","45"
"253","250","4","Sep 24, 2011","Sat","San Jose State","34","","New Mexico State","24"
"254","251","4","Sep 24, 2011","Sat","South Carolina","21","","Vanderbilt","3"
"255","252","4","Sep 24, 2011","Sat","South Florida","52","","Texas-El Paso","24"
"256","253","4","Sep 24, 2011","Sat","Southern Methodist","42","@","Memphis","0"
"257","254","4","Sep 24, 2011","Sat","Southern Mississippi","30","@","Virginia","24"
"258","255","4","Sep 24, 2011","Sat","Non-Major","41","@","Nevada-Las Vegas","16"
"259","256","4","Sep 24, 2011","Sat","Syracuse","33","","Toledo","30"
"260","257","4","Sep 24, 2011","Sat","Temple","38","@","Maryland","7"
"261","258","4","Sep 24, 2011","Sat","Texas Christian","55","","Non-Major","13"
"262","259","4","Sep 24, 2011","Sat","Texas Tech","35","","Nevada","34"
"263","260","4","Sep 24, 2011","Sat","Troy","38","","Middle Tennessee State","35"
"264","261","4","Sep 24, 2011","Sat","UCLA","27","@","Oregon State","19"
"265","262","4","Sep 24, 2011","Sat","Virginia Tech","30","@","Marshall","10"
"266","263","4","Sep 24, 2011","Sat","Washington","31","","California","23"
"267","264","4","Sep 24, 2011","Sat","Wisconsin","59","","Non-Major","10"
"269","265","5","Sep 29, 2011","Thu","Houston","49","@","Texas-El Paso","42"
"270","266","5","Sep 29, 2011","Thu","Pittsburgh","44","","South Florida","17"
"271","267","5","Sep 30, 2011","Fri","Brigham Young","27","","Utah State","24"
"272","268","5","Oct 1, 2011","Sat","Air Force","35","@","Navy","34"
"273","269","5","Oct 1, 2011","Sat","Alabama","38","@","Florida","10"
"274","270","5","Oct 1, 2011","Sat","Arizona State","35","","Oregon State","20"
"275","271","5","Oct 1, 2011","Sat","Arkansas","42","","Texas A&M","38"
"276","272","5","Oct 1, 2011","Sat","Arkansas State","26","@","Western Kentucky","22"
"277","273","5","Oct 1, 2011","Sat","Army","45","","Tulane","6"
"278","274","5","Oct 1, 2011","Sat","Auburn","16","@","South Carolina","13"
"279","275","5","Oct 1, 2011","Sat","Boise State","30","","Nevada","10"
"280","276","5","Oct 1, 2011","Sat","Central Michigan","48","","Northern Illinois","41"
"281","277","5","Oct 1, 2011","Sat","Cincinnati","27","@","Miami (OH)","0"
"282","278","5","Oct 1, 2011","Sat","Clemson","23","@","Virginia Tech","3"
"283","279","5","Oct 1, 2011","Sat","Duke","31","@","Florida International","27"
"284","280","5","Oct 1, 2011","Sat","Eastern Michigan","31","","Akron","23"
"285","281","5","Oct 1, 2011","Sat","Georgia","24","","Mississippi State","10"
"286","282","5","Oct 1, 2011","Sat","Georgia Tech","45","@","North Carolina State","35"
"287","283","5","Oct 1, 2011","Sat","Hawaii","44","@","Louisiana Tech","26"
"288","284","5","Oct 1, 2011","Sat","Illinois","38","","Northwestern","35"
"289","285","5","Oct 1, 2011","Sat","Kansas State","36","","Baylor","35"
"290","286","5","Oct 1, 2011","Sat","Louisiana","37","","Florida Atlantic","34"
"291","287","5","Oct 1, 2011","Sat","Louisiana State","35","","Kentucky","7"
"292","288","5","Oct 1, 2011","Sat","Marshall","17","@","Louisville","13"
"293","289","5","Oct 1, 2011","Sat","Maryland","28","","Non-Major","3"
"294","290","5","Oct 1, 2011","Sat","Miami (FL)","45","","Non-Major","14"
"295","291","5","Oct 1, 2011","Sat","Michigan","58","","Minnesota","0"
"296","292","5","Oct 1, 2011","Sat","Michigan State","10","@","Ohio State","7"
"297","293","5","Oct 1, 2011","Sat","Middle Tennessee State","38","","Memphis","31"
"298","294","5","Oct 1, 2011","Sat","Mississippi","38","@","Fresno State","28"
"299","295","5","Oct 1, 2011","Sat","New Mexico State","42","@","New Mexico","28"
"300","296","5","Oct 1, 2011","Sat","North Carolina","35","@","East Carolina","20"
"301","297","5","Oct 1, 2011","Sat","Notre Dame","38","@","Purdue","10"
"302","298","5","Oct 1, 2011","Sat","Ohio","17","","Kent State","10"
"303","299","5","Oct 1, 2011","Sat","Oklahoma","62","","Ball State","6"
"304","300","5","Oct 1, 2011","Sat","Penn State","16","@","Indiana","10"
"305","301","5","Oct 1, 2011","Sat","Rutgers","19","@","Syracuse","16"
"306","302","5","Oct 1, 2011","Sat","San Jose State","38","@","Colorado State","31"
"307","303","5","Oct 1, 2011","Sat","Southern California","48","","Arizona","41"
"308","304","5","Oct 1, 2011","Sat","Southern Methodist","40","@","Texas Christian","33"
"309","305","5","Oct 1, 2011","Sat","Southern Mississippi","48","","Rice","24"
"310","306","5","Oct 1, 2011","Sat","Stanford","45","","UCLA","19"
"311","307","5","Oct 1, 2011","Sat","Tennessee","41","","Buffalo","10"
"312","308","5","Oct 1, 2011","Sat","Texas","37","@","Iowa State","14"
"313","309","5","Oct 1, 2011","Sat","Texas Tech","45","@","Kansas","34"
"314","310","5","Oct 1, 2011","Sat","Toledo","36","@","Temple","13"
"315","311","5","Oct 1, 2011","Sat","Troy","24","","Alabama-Birmingham","23"
"316","312","5","Oct 1, 2011","Sat","Tulsa","41","","North Texas","24"
"317","313","5","Oct 1, 2011","Sat","Virginia","21","","Idaho","20"
"318","314","5","Oct 1, 2011","Sat","Wake Forest","27","@","Boston College","19"
"319","315","5","Oct 1, 2011","Sat","Washington","31","@","Utah","14"
"320","316","5","Oct 1, 2011","Sat","Washington State","31","@","Colorado","27"
"321","317","5","Oct 1, 2011","Sat","West Virginia","55","","Bowling Green State","10"
"322","318","5","Oct 1, 2011","Sat","Western Michigan","38","@","Connecticut","31"
"323","319","5","Oct 1, 2011","Sat","Wisconsin","48","","Nebraska","17"
"325","320","6","Oct 6, 2011","Thu","Oregon","43","","California","15"
"326","321","6","Oct 6, 2011","Thu","Western Kentucky","36","@","Middle Tennessee State","33"
"327","322","6","Oct 7, 2011","Fri","Boise State","57","@","Fresno State","7"
"328","323","6","Oct 8, 2011","Sat","Alabama","34","","Vanderbilt","0"
"329","324","6","Oct 8, 2011","Sat","Arizona State","35","@","Utah","14"
"330","325","6","Oct 8, 2011","Sat","Arkansas","38","","Auburn","14"
"331","326","6","Oct 8, 2011","Sat","Arkansas State","24","@","Louisiana-Monroe","19"
"332","327","6","Oct 8, 2011","Sat","Baylor","49","","Iowa State","26"
"333","328","6","Oct 8, 2011","Sat","Brigham Young","29","","San Jose State","16"
"334","329","6","Oct 8, 2011","Sat","Buffalo","38","","Ohio","37"
"335","330","6","Oct 8, 2011","Sat","Central Florida","16","","Marshall","6"
"336","331","6","Oct 8, 2011","Sat","Clemson","36","","Boston College","14"
"337","332","6","Oct 8, 2011","Sat","Florida International","27","@","Akron","17"
"338","333","6","Oct 8, 2011","Sat","Georgia","20","@","Tennessee","12"
"339","334","6","Oct 8, 2011","Sat","Georgia Tech","21","","Maryland","16"
"340","335","6","Oct 8, 2011","Sat","Houston","56","","East Carolina","3"
"341","336","6","Oct 8, 2011","Sat","Illinois","41","@","Indiana","20"
"342","337","6","Oct 8, 2011","Sat","Kansas State","24","","Missouri","17"
"343","338","6","Oct 8, 2011","Sat","Louisiana","31","","Troy","17"
"344","339","6","Oct 8, 2011","Sat","Louisiana State","41","","Florida","11"
"345","340","6","Oct 8, 2011","Sat","Louisiana Tech","24","@","Idaho","11"
"346","341","6","Oct 8, 2011","Sat","Miami (OH)","35","","Army","28"
"347","342","6","Oct 8, 2011","Sat","Michigan","42","@","Northwestern","24"
"348","343","6","Oct 8, 2011","Sat","Mississippi State","21","@","Alabama-Birmingham","3"
"349","344","6","Oct 8, 2011","Sat","Nebraska","34","","Ohio State","27"
"350","345","6","Oct 8, 2011","Sat","Nevada","37","","Nevada-Las Vegas","0"
"351","346","6","Oct 8, 2011","Sat","North Carolina","14","","Louisville","7"
"352","347","6","Oct 8, 2011","Sat","North Carolina State","38","","Central Michigan","24"
"353","348","6","Oct 8, 2011","Sat","North Texas","31","","Florida Atlantic","17"
"354","349","6","Oct 8, 2011","Sat","Northern Illinois","40","","Kent State","10"
"355","350","6","Oct 8, 2011","Sat","Notre Dame","59","","Air Force","33"
"356","351","6","Oct 8, 2011","Sat","Oklahoma State","70","","Kansas","28"
"357","352","6","Oct 8, 2011","Sat","Oregon State","37","","Arizona","27"
"358","353","6","Oct 8, 2011","Sat","Penn State","13","","Iowa","3"
"359","354","6","Oct 8, 2011","Sat","Purdue","45","","Minnesota","17"
"360","355","6","Oct 8, 2011","Sat","Rice","28","","Memphis","6"
"361","356","6","Oct 8, 2011","Sat","Rutgers","34","","Pittsburgh","10"
"362","357","6","Oct 8, 2011","Sat","South Carolina","54","","Kentucky","3"
"363","358","6","Oct 8, 2011","Sat","Southern Mississippi","63","@","Navy","35"
"364","359","6","Oct 8, 2011","Sat","Stanford","48","","Colorado","7"
"365","360","6","Oct 8, 2011","Sat","Syracuse","37","@","Tulane","34"
"366","361","6","Oct 8, 2011","Sat","Temple","42","@","Ball State","0"
"367","362","6","Oct 8, 2011","Sat","Texas A&M","45","@","Texas Tech","40"
"368","363","6","Oct 8, 2011","Sat","Texas Christian","27","@","San Diego State","14"
"369","364","6","Oct 8, 2011","Sat","Toledo","54","","Eastern Michigan","16"
"370","365","6","Oct 8, 2011","Sat","UCLA","28","","Washington State","25"
"371","366","6","Oct 8, 2011","Sat","Utah State","63","","Wyoming","19"
"372","367","6","Oct 8, 2011","Sat","Virginia Tech","38","","Miami (FL)","35"
"373","368","6","Oct 8, 2011","Sat","Wake Forest","35","","Florida State","30"
"374","369","6","Oct 8, 2011","Sat","West Virginia","43","","Connecticut","16"
"375","370","6","Oct 8, 2011","Sat","Western Michigan","45","","Bowling Green State","21"
"377","371","7","Oct 13, 2011","Thu","San Diego State","41","@","Air Force","27"
"378","372","7","Oct 13, 2011","Thu","Southern California","30","@","California","9"
"379","373","7","Oct 14, 2011","Fri","San Jose State","28","","Hawaii","27"
"380","374","7","Oct 15, 2011","Sat","Alabama","52","@","Mississippi","7"
"381","375","7","Oct 15, 2011","Sat","Auburn","17","","Florida","6"
"382","376","7","Oct 15, 2011","Sat","Ball State","23","@","Ohio","20"
"383","377","7","Oct 15, 2011","Sat","Boise State","63","@","Colorado State","13"
"384","378","7","Oct 15, 2011","Sat","Brigham Young","38","@","Oregon State","28"
"385","379","7","Oct 15, 2011","Sat","Cincinnati","25","","Louisville","16"
"386","380","7","Oct 15, 2011","Sat","Clemson","56","@","Maryland","45"
"387","381","7","Oct 15, 2011","Sat","Connecticut","16","","South Florida","10"
"388","382","7","Oct 15, 2011","Sat","East Carolina","35","@","Memphis","17"
"389","383","7","Oct 15, 2011","Sat","Eastern Michigan","35","@","Central Michigan","28"
"390","384","7","Oct 15, 2011","Sat","Florida State","41","@","Duke","16"
"391","385","7","Oct 15, 2011","Sat","Fresno State","31","","Utah State","21"
"392","386","7","Oct 15, 2011","Sat","Georgia","33","@","Vanderbilt","28"
"393","387","7","Oct 15, 2011","Sat","Iowa","41","","Northwestern","31"
"394","388","7","Oct 15, 2011","Sat","Kansas State","41","@","Texas Tech","34"
"395","389","7","Oct 15, 2011","Sat","Louisiana","30","","North Texas","10"
"396","390","7","Oct 15, 2011","Sat","Louisiana State","38","@","Tennessee","7"
"397","391","7","Oct 15, 2011","Sat","Louisiana-Monroe","38","@","Troy","10"
"398","392","7","Oct 15, 2011","Sat","Marshall","24","","Rice","20"
"399","393","7","Oct 15, 2011","Sat","Miami (FL)","30","@","North Carolina","24"
"400","394","7","Oct 15, 2011","Sat","Miami (OH)","9","@","Kent State","3"
"401","395","7","Oct 15, 2011","Sat","Michigan State","28","","Michigan","14"
"402","396","7","Oct 15, 2011","Sat","Missouri","52","","Iowa State","17"
"403","397","7","Oct 15, 2011","Sat","Nevada","49","","New Mexico","7"
"404","398","7","Oct 15, 2011","Sat","New Mexico State","31","","Idaho","24"
"405","399","7","Oct 15, 2011","Sat","Northern Illinois","51","","Western Michigan","22"
"406","400","7","Oct 15, 2011","Sat","Ohio State","17","@","Illinois","7"
"407","401","7","Oct 15, 2011","Sat","Oklahoma","47","@","Kansas","17"
"408","402","7","Oct 15, 2011","Sat","Oklahoma State","38","@","Texas","26"
"409","403","7","Oct 15, 2011","Sat","Oregon","41","","Arizona State","27"
"410","404","7","Oct 15, 2011","Sat","Penn State","23","","Purdue","18"
"411","405","7","Oct 15, 2011","Sat","Rutgers","21","","Navy","20"
"412","406","7","Oct 15, 2011","Sat","South Carolina","14","@","Mississippi State","12"
"413","407","7","Oct 15, 2011","Sat","Southern Methodist","38","","Central Florida","17"
"414","408","7","Oct 15, 2011","Sat","Stanford","44","@","Washington State","14"
"415","409","7","Oct 15, 2011","Sat","Temple","34","","Buffalo","0"
"416","410","7","Oct 15, 2011","Sat","Texas A&M","55","","Baylor","28"
"417","411","7","Oct 15, 2011","Sat","Texas-El Paso","44","@","Tulane","7"
"418","412","7","Oct 15, 2011","Sat","Toledo","28","@","Bowling Green State","21"
"419","413","7","Oct 15, 2011","Sat","Tulsa","37","","Alabama-Birmingham","20"
"420","414","7","Oct 15, 2011","Sat","Utah","26","@","Pittsburgh","14"
"421","415","7","Oct 15, 2011","Sat","Virginia","24","","Georgia Tech","21"
"422","416","7","Oct 15, 2011","Sat","Virginia Tech","38","@","Wake Forest","17"
"423","417","7","Oct 15, 2011","Sat","Washington","52","","Colorado","24"
"424","418","7","Oct 15, 2011","Sat","Western Kentucky","20","@","Florida Atlantic","0"
"425","419","7","Oct 15, 2011","Sat","Wisconsin","59","","Indiana","7"
"426","420","7","Oct 15, 2011","Sat","Wyoming","41","","Nevada-Las Vegas","14"
"428","421","8","Oct 18, 2011","Tue","Arkansas State","34","","Florida International","16"
"429","422","8","Oct 20, 2011","Thu","Alabama-Birmingham","26","","Central Florida","24"
"430","423","8","Oct 20, 2011","Thu","Arizona","48","","UCLA","12"
"431","424","8","Oct 21, 2011","Fri","Louisville","16","","Rutgers","14"
"432","425","8","Oct 21, 2011","Fri","Syracuse","49","","West Virginia","23"
"433","426","8","Oct 22, 2011","Sat","Alabama","37","","Tennessee","6"
"434","427","8","Oct 22, 2011","Sat","Arkansas","29","@","Mississippi","24"
"435","428","8","Oct 22, 2011","Sat","Ball State","31","","Central Michigan","27"
"436","429","8","Oct 22, 2011","Sat","Boise State","37","","Air Force","26"
"437","430","8","Oct 22, 2011","Sat","Bowling Green State","13","","Temple","10"
"438","431","8","Oct 22, 2011","Sat","Brigham Young","56","","Non-Major","3"
"439","432","8","Oct 22, 2011","Sat","California","34","","Utah","10"
"440","433","8","Oct 22, 2011","Sat","Cincinnati","37","@","South Florida","34"
"441","434","8","Oct 22, 2011","Sat","Clemson","59","","North Carolina","38"
"442","435","8","Oct 22, 2011","Sat","East Carolina","38","@","Navy","35"
"443","436","8","Oct 22, 2011","Sat","Eastern Michigan","14","","Western Michigan","10"
"444","437","8","Oct 22, 2011","Sat","Florida State","41","","Maryland","16"
"445","438","8","Oct 22, 2011","Sat","Hawaii","45","","New Mexico State","34"
"446","439","8","Oct 22, 2011","Sat","Houston","63","","Marshall","28"
"447","440","8","Oct 22, 2011","Sat","Iowa","45","","Indiana","24"
"448","441","8","Oct 22, 2011","Sat","Kansas State","59","@","Kansas","21"
"449","442","8","Oct 22, 2011","Sat","Kentucky","38","","Non-Major","14"
"450","443","8","Oct 22, 2011","Sat","Louisiana State","45","","Auburn","10"
"451","444","8","Oct 22, 2011","Sat","Louisiana Tech","24","@","Utah State","17"
"452","445","8","Oct 22, 2011","Sat","Memphis","33","@","Tulane","17"
"453","446","8","Oct 22, 2011","Sat","Miami (FL)","24","","Georgia Tech","7"
"454","447","8","Oct 22, 2011","Sat","Michigan State","37","","Wisconsin","31"
"455","448","8","Oct 22, 2011","Sat","Middle Tennessee State","38","@","Florida Atlantic","14"
"456","449","8","Oct 22, 2011","Sat","Nebraska","41","@","Minnesota","14"
"457","450","8","Oct 22, 2011","Sat","Nevada","45","","Fresno State","38"
"458","451","8","Oct 22, 2011","Sat","North Carolina State","28","@","Virginia","14"
"459","452","8","Oct 22, 2011","Sat","North Texas","38","","Louisiana-Monroe","21"
"460","453","8","Oct 22, 2011","Sat","Northern Illinois","31","@","Buffalo","30"
"461","454","8","Oct 22, 2011","Sat","Ohio","37","@","Akron","20"
"462","455","8","Oct 22, 2011","Sat","Oklahoma State","45","@","Missouri","24"
"463","456","8","Oct 22, 2011","Sat","Oregon","45","@","Colorado","2"
"464","457","8","Oct 22, 2011","Sat","Oregon State","44","@","Washington State","21"
"465","458","8","Oct 22, 2011","Sat","Penn State","34","@","Northwestern","24"
"466","459","8","Oct 22, 2011","Sat","Purdue","21","","Illinois","14"
"467","460","8","Oct 22, 2011","Sat","Southern California","31","@","Notre Dame","17"
"468","461","8","Oct 22, 2011","Sat","Southern Mississippi","27","","Southern Methodist","3"
"469","462","8","Oct 22, 2011","Sat","Stanford","65","","Washington","21"
"470","463","8","Oct 22, 2011","Sat","Texas A&M","33","@","Iowa State","17"
"471","464","8","Oct 22, 2011","Sat","Texas Christian","69","","New Mexico","0"
"472","465","8","Oct 22, 2011","Sat","Texas Tech","41","@","Oklahoma","38"
"473","466","8","Oct 22, 2011","Sat","Texas-El Paso","31","","Colorado State","17"
"474","467","8","Oct 22, 2011","Sat","Toledo","49","","Miami (OH)","28"
"475","468","8","Oct 22, 2011","Sat","Tulsa","38","@","Rice","20"
"476","469","8","Oct 22, 2011","Sat","Vanderbilt","44","","Army","21"
"477","470","8","Oct 22, 2011","Sat","Virginia Tech","30","","Boston College","14"
"478","471","8","Oct 22, 2011","Sat","Wake Forest","24","@","Duke","23"
"479","472","8","Oct 22, 2011","Sat","Western Kentucky","42","","Louisiana","23"
"481","473","9","Oct 25, 2011","Tue","Florida International","23","","Troy","20"
"482","474","9","Oct 26, 2011","Wed","Pittsburgh","35","","Connecticut","20"
"483","475","9","Oct 27, 2011","Thu","Houston","73","","Rice","34"
"484","476","9","Oct 27, 2011","Thu","Virginia","28","@","Miami (FL)","21"
"485","477","9","Oct 28, 2011","Fri","Texas Christian","38","","Brigham Young","28"
"486","478","9","Oct 29, 2011","Sat","Air Force","42","@","New Mexico","0"
"487","479","9","Oct 29, 2011","Sat","Arizona State","48","","Colorado","14"
"488","480","9","Oct 29, 2011","Sat","Arkansas","31","@","Vanderbilt","28"
"489","481","9","Oct 29, 2011","Sat","Arkansas State","37","","North Texas","14"
"490","482","9","Oct 29, 2011","Sat","Army","55","","Non-Major","0"
"491","483","9","Oct 29, 2011","Sat","Auburn","41","","Mississippi","23"
"492","484","9","Oct 29, 2011","Sat","Boston College","28","@","Maryland","17"
"493","485","9","Oct 29, 2011","Sat","Central Florida","41","","Memphis","0"
"494","486","9","Oct 29, 2011","Sat","Central Michigan","23","@","Akron","22"
"495","487","9","Oct 29, 2011","Sat","East Carolina","34","","Tulane","13"
"496","488","9","Oct 29, 2011","Sat","Florida State","34","","North Carolina State","0"
"497","489","9","Oct 29, 2011","Sat","Georgia Tech","31","","Clemson","17"
"498","490","9","Oct 29, 2011","Sat","Hawaii","16","@","Idaho","14"
"499","491","9","Oct 29, 2011","Sat","Iowa State","41","@","Texas Tech","7"
"500","492","9","Oct 29, 2011","Sat","Kent State","27","","Bowling Green State","15"
"501","493","9","Oct 29, 2011","Sat","Louisiana","45","@","Middle Tennessee State","20"
"502","494","9","Oct 29, 2011","Sat","Louisiana Tech","38","","San Jose State","28"
"503","495","9","Oct 29, 2011","Sat","Louisville","27","","Syracuse","10"
"504","496","9","Oct 29, 2011","Sat","Marshall","59","","Alabama-Birmingham","14"
"505","497","9","Oct 29, 2011","Sat","Miami (OH)","41","","Buffalo","13"
"506","498","9","Oct 29, 2011","Sat","Michigan","36","","Purdue","14"
"507","499","9","Oct 29, 2011","Sat","Minnesota","22","","Iowa","21"
"508","500","9","Oct 29, 2011","Sat","Mississippi State","28","@","Kentucky","16"
"509","501","9","Oct 29, 2011","Sat","Missouri","38","@","Texas A&M","31"
"510","502","9","Oct 29, 2011","Sat","Nebraska","24","","Michigan State","3"
"511","503","9","Oct 29, 2011","Sat","Nevada","48","@","New Mexico State","34"
"512","504","9","Oct 29, 2011","Sat","Nevada-Las Vegas","38","","Colorado State","35"
"513","505","9","Oct 29, 2011","Sat","North Carolina","49","","Wake Forest","24"
"514","506","9","Oct 29, 2011","Sat","Northwestern","59","@","Indiana","38"
"515","507","9","Oct 29, 2011","Sat","Notre Dame","56","","Navy","14"
"516","508","9","Oct 29, 2011","Sat","Ohio State","33","","Wisconsin","29"
"517","509","9","Oct 29, 2011","Sat","Oklahoma","58","@","Kansas State","17"
"518","510","9","Oct 29, 2011","Sat","Oklahoma State","59","","Baylor","24"
"519","511","9","Oct 29, 2011","Sat","Oregon","43","","Washington State","28"
"520","512","9","Oct 29, 2011","Sat","Penn State","10","","Illinois","7"
"521","513","9","Oct 29, 2011","Sat","South Carolina","14","@","Tennessee","3"
"522","514","9","Oct 29, 2011","Sat","Southern Mississippi","31","@","Texas-El Paso","13"
"523","515","9","Oct 29, 2011","Sat","Stanford","56","@","Southern California","48"
"524","516","9","Oct 29, 2011","Sat","Texas","43","","Kansas","0"
"525","517","9","Oct 29, 2011","Sat","Tulsa","38","","Southern Methodist","7"
"526","518","9","Oct 29, 2011","Sat","UCLA","31","","California","14"
"527","519","9","Oct 29, 2011","Sat","Utah","27","","Oregon State","8"
"528","520","9","Oct 29, 2011","Sat","Virginia Tech","14","@","Duke","10"
"529","521","9","Oct 29, 2011","Sat","Washington","42","","Arizona","31"
"530","522","9","Oct 29, 2011","Sat","West Virginia","41","@","Rutgers","31"
"531","523","9","Oct 29, 2011","Sat","Western Kentucky","31","@","Louisiana-Monroe","28"
"532","524","9","Oct 29, 2011","Sat","Western Michigan","45","","Ball State","35"
"533","525","9","Oct 29, 2011","Sat","Wyoming","30","@","San Diego State","27"
"535","526","10","Nov 1, 2011","Tue","Northern Illinois","63","@","Toledo","60"
"536","527","10","Nov 2, 2011","Wed","Ohio","35","","Temple","31"
"537","528","10","Nov 3, 2011","Thu","Florida State","38","@","Boston College","7"
"538","529","10","Nov 3, 2011","Thu","Miami (OH)","35","","Akron","3"
"539","530","10","Nov 3, 2011","Thu","Tulsa","24","@","Central Florida","17"
"540","531","10","Nov 4, 2011","Fri","Kent State","24","","Central Michigan","21"
"541","532","10","Nov 4, 2011","Fri","Southern California","42","@","Colorado","17"
"542","533","10","Nov 5, 2011","Sat","Air Force","24","","Army","14"
"543","534","10","Nov 5, 2011","Sat","Arkansas","44","","South Carolina","28"
"544","535","10","Nov 5, 2011","Sat","Arkansas State","39","@","Florida Atlantic","21"
"545","536","10","Nov 5, 2011","Sat","Ball State","33","@","Eastern Michigan","31"
"546","537","10","Nov 5, 2011","Sat","Baylor","42","","Missouri","39"
"547","538","10","Nov 5, 2011","Sat","Boise State","48","@","Nevada-Las Vegas","21"
"548","539","10","Nov 5, 2011","Sat","California","30","","Washington State","7"
"549","540","10","Nov 5, 2011","Sat","Cincinnati","26","@","Pittsburgh","23"
"550","541","10","Nov 5, 2011","Sat","Connecticut","28","","Syracuse","21"
"551","542","10","Nov 5, 2011","Sat","Florida","26","","Vanderbilt","21"
"552","543","10","Nov 5, 2011","Sat","Georgia","63","","New Mexico State","16"
"553","544","10","Nov 5, 2011","Sat","Houston","56","@","Alabama-Birmingham","13"
"554","545","10","Nov 5, 2011","Sat","Idaho","32","@","San Jose State","29"
"555","546","10","Nov 5, 2011","Sat","Iowa","24","","Michigan","16"
"556","547","10","Nov 5, 2011","Sat","Iowa State","13","","Kansas","10"
"557","548","10","Nov 5, 2011","Sat","Kentucky","30","","Mississippi","13"
"558","549","10","Nov 5, 2011","Sat","Louisiana","36","","Louisiana-Monroe","35"
"559","550","10","Nov 5, 2011","Sat","Louisiana State","9","@","Alabama","6"
"560","551","10","Nov 5, 2011","Sat","Louisiana Tech","41","@","Fresno State","21"
"561","552","10","Nov 5, 2011","Sat","Louisville","38","@","West Virginia","35"
"562","553","10","Nov 5, 2011","Sat","Miami (FL)","49","","Duke","14"
"563","554","10","Nov 5, 2011","Sat","Michigan State","31","","Minnesota","24"
"564","555","10","Nov 5, 2011","Sat","Mississippi State","55","","Non-Major","17"
"565","556","10","Nov 5, 2011","Sat","Navy","42","","Troy","14"
"566","557","10","Nov 5, 2011","Sat","North Carolina State","13","","North Carolina","0"
"567","558","10","Nov 5, 2011","Sat","Northwestern","28","@","Nebraska","25"
"568","559","10","Nov 5, 2011","Sat","Notre Dame","24","@","Wake Forest","17"
"569","560","10","Nov 5, 2011","Sat","Ohio State","34","","Indiana","20"
"570","561","10","Nov 5, 2011","Sat","Oklahoma","41","","Texas A&M","25"
"571","562","10","Nov 5, 2011","Sat","Oklahoma State","52","","Kansas State","45"
"572","563","10","Nov 5, 2011","Sat","Oregon","34","@","Washington","17"
"573","564","10","Nov 5, 2011","Sat","Rice","41","","Texas-El Paso","37"
"574","565","10","Nov 5, 2011","Sat","Rutgers","20","","South Florida","17"
"575","566","10","Nov 5, 2011","Sat","San Diego State","35","","New Mexico","7"
"576","567","10","Nov 5, 2011","Sat","Southern Methodist","45","","Tulane","24"
"577","568","10","Nov 5, 2011","Sat","Southern Mississippi","48","@","East Carolina","28"
"578","569","10","Nov 5, 2011","Sat","Stanford","38","@","Oregon State","13"
"579","570","10","Nov 5, 2011","Sat","Tennessee","24","","Middle Tennessee State","0"
"580","571","10","Nov 5, 2011","Sat","Texas","52","","Texas Tech","20"
"581","572","10","Nov 5, 2011","Sat","Texas Christian","31","@","Wyoming","20"
"582","573","10","Nov 5, 2011","Sat","UCLA","29","","Arizona State","28"
"583","574","10","Nov 5, 2011","Sat","Utah","34","@","Arizona","21"
"584","575","10","Nov 5, 2011","Sat","Utah State","35","@","Hawaii","31"
"585","576","10","Nov 5, 2011","Sat","Virginia","31","@","Maryland","13"
"586","577","10","Nov 5, 2011","Sat","Western Kentucky","10","","Florida International","9"
"587","578","10","Nov 5, 2011","Sat","Wisconsin","62","","Purdue","17"
"589","579","11","Nov 8, 2011","Tue","Northern Illinois","45","@","Bowling Green State","14"
"590","580","11","Nov 8, 2011","Tue","Toledo","66","","Western Michigan","63"
"591","581","11","Nov 9, 2011","Wed","Temple","24","","Miami (OH)","21"
"592","582","11","Nov 10, 2011","Thu","Houston","73","@","Tulane","17"
"593","583","11","Nov 10, 2011","Thu","Ohio","43","@","Central Michigan","28"
"594","584","11","Nov 10, 2011","Thu","Virginia Tech","37","@","Georgia Tech","26"
"595","585","11","Nov 11, 2011","Fri","South Florida","37","@","Syracuse","17"
"596","586","11","Nov 12, 2011","Sat","Alabama","24","@","Mississippi State","7"
"597","587","11","Nov 12, 2011","Sat","Alabama-Birmingham","41","@","Memphis","35"
"598","588","11","Nov 12, 2011","Sat","Arkansas","49","","Tennessee","7"
"599","589","11","Nov 12, 2011","Sat","Arkansas State","30","","Louisiana","21"
"600","590","11","Nov 12, 2011","Sat","Baylor","31","@","Kansas","30"
"601","591","11","Nov 12, 2011","Sat","Boston College","14","","North Carolina State","10"
"602","592","11","Nov 12, 2011","Sat","Brigham Young","42","","Idaho","7"
"603","593","11","Nov 12, 2011","Sat","California","23","","Oregon State","6"
"604","594","11","Nov 12, 2011","Sat","Clemson","31","","Wake Forest","28"
"605","595","11","Nov 12, 2011","Sat","Colorado","48","","Arizona","29"
"606","596","11","Nov 12, 2011","Sat","Eastern Michigan","30","","Buffalo","17"
"607","597","11","Nov 12, 2011","Sat","Florida International","41","","Florida Atlantic","7"
"608","598","11","Nov 12, 2011","Sat","Florida State","23","","Miami (FL)","19"
"609","599","11","Nov 12, 2011","Sat","Georgia","45","","Auburn","7"
"610","600","11","Nov 12, 2011","Sat","Kansas State","53","","Texas A&M","50"
"611","601","11","Nov 12, 2011","Sat","Kent State","35","@","Akron","3"
"612","602","11","Nov 12, 2011","Sat","Louisiana State","42","","Western Kentucky","9"
"613","603","11","Nov 12, 2011","Sat","Louisiana Tech","27","@","Mississippi","7"
"614","604","11","Nov 12, 2011","Sat","Louisiana-Monroe","42","","Middle Tennessee State","14"
"615","605","11","Nov 12, 2011","Sat","Michigan","31","@","Illinois","14"
"616","606","11","Nov 12, 2011","Sat","Michigan State","37","@","Iowa","21"
"617","607","11","Nov 12, 2011","Sat","Missouri","17","","Texas","5"
"618","608","11","Nov 12, 2011","Sat","Navy","24","@","Southern Methodist","17"
"619","609","11","Nov 12, 2011","Sat","Nebraska","17","@","Penn State","14"
"620","610","11","Nov 12, 2011","Sat","Nevada","42","","Hawaii","28"
"621","611","11","Nov 12, 2011","Sat","New Mexico","21","","Nevada-Las Vegas","14"
"622","612","11","Nov 12, 2011","Sat","New Mexico State","48","","Fresno State","45"
"623","613","11","Nov 12, 2011","Sat","North Texas","38","@","Troy","33"
"624","614","11","Nov 12, 2011","Sat","Northwestern","28","","Rice","6"
"625","615","11","Nov 12, 2011","Sat","Oklahoma State","66","@","Texas Tech","6"
"626","616","11","Nov 12, 2011","Sat","Oregon","53","@","Stanford","30"
"627","617","11","Nov 12, 2011","Sat","Pittsburgh","21","@","Louisville","14"
"628","618","11","Nov 12, 2011","Sat","Purdue","26","","Ohio State","23"
"629","619","11","Nov 12, 2011","Sat","Rutgers","27","","Army","12"
"630","620","11","Nov 12, 2011","Sat","San Diego State","18","@","Colorado State","15"
"631","621","11","Nov 12, 2011","Sat","South Carolina","17","","Florida","12"
"632","622","11","Nov 12, 2011","Sat","Southern California","40","","Washington","17"
"633","623","11","Nov 12, 2011","Sat","Southern Mississippi","30","","Central Florida","29"
"634","624","11","Nov 12, 2011","Sat","Texas Christian","36","@","Boise State","35"
"635","625","11","Nov 12, 2011","Sat","Texas-El Paso","22","","East Carolina","17"
"636","626","11","Nov 12, 2011","Sat","Tulsa","59","","Marshall","17"
"637","627","11","Nov 12, 2011","Sat","Utah","31","","UCLA","6"
"638","628","11","Nov 12, 2011","Sat","Utah State","34","","San Jose State","33"
"639","629","11","Nov 12, 2011","Sat","Vanderbilt","38","","Kentucky","8"
"640","630","11","Nov 12, 2011","Sat","Virginia","31","","Duke","21"
"641","631","11","Nov 12, 2011","Sat","Washington State","37","","Arizona State","27"
"642","632","11","Nov 12, 2011","Sat","West Virginia","24","@","Cincinnati","21"
"643","633","11","Nov 12, 2011","Sat","Wisconsin","42","@","Minnesota","13"
"644","634","11","Nov 12, 2011","Sat","Wyoming","25","@","Air Force","17"
"646","635","12","Nov 15, 2011","Tue","Northern Illinois","41","","Ball State","38"
"647","636","12","Nov 16, 2011","Wed","Ohio","29","@","Bowling Green State","28"
"648","637","12","Nov 16, 2011","Wed","Western Michigan","24","@","Miami (OH)","21"
"649","638","12","Nov 17, 2011","Thu","Alabama-Birmingham","34","","Southern Mississippi","31"
"650","639","12","Nov 17, 2011","Thu","Marshall","23","@","Memphis","22"
"651","640","12","Nov 17, 2011","Thu","Virginia Tech","24","","North Carolina","21"
"652","641","12","Nov 18, 2011","Fri","Iowa State","37","","Oklahoma State","31"
"653","642","12","Nov 18, 2011","Fri","Toledo","44","@","Central Michigan","17"
"654","643","12","Nov 19, 2011","Sat","Air Force","45","","Nevada-Las Vegas","17"
"655","644","12","Nov 19, 2011","Sat","Alabama","45","","Non-Major","21"
"656","645","12","Nov 19, 2011","Sat","Arizona","31","@","Arizona State","27"
"657","646","12","Nov 19, 2011","Sat","Arkansas","44","","Mississippi State","17"
"658","647","12","Nov 19, 2011","Sat","Arkansas State","45","@","Middle Tennessee State","19"
"659","648","12","Nov 19, 2011","Sat","Auburn","35","","Non-Major","16"
"660","649","12","Nov 19, 2011","Sat","Baylor","45","","Oklahoma","38"
"661","650","12","Nov 19, 2011","Sat","Boise State","52","@","San Diego State","35"
"662","651","12","Nov 19, 2011","Sat","Brigham Young","42","","New Mexico State","7"
"663","652","12","Nov 19, 2011","Sat","Buffalo","51","","Akron","10"
"664","653","12","Nov 19, 2011","Sat","East Carolina","38","","Central Florida","31"
"665","654","12","Nov 19, 2011","Sat","Florida","54","","Non-Major","32"
"666","655","12","Nov 19, 2011","Sat","Florida International","28","@","Louisiana-Monroe","17"
"667","656","12","Nov 19, 2011","Sat","Fresno State","24","@","Hawaii","21"
"668","657","12","Nov 19, 2011","Sat","Georgia","19","","Kentucky","10"
"669","658","12","Nov 19, 2011","Sat","Georgia Tech","38","@","Duke","31"
"670","659","12","Nov 19, 2011","Sat","Houston","37","","Southern Methodist","7"
"671","660","12","Nov 19, 2011","Sat","Iowa","31","@","Purdue","21"
"672","661","12","Nov 19, 2011","Sat","Kansas State","17","@","Texas","13"
"673","662","12","Nov 19, 2011","Sat","Kent State","28","","Eastern Michigan","22"
"674","663","12","Nov 19, 2011","Sat","Louisiana State","52","@","Mississippi","3"
"675","664","12","Nov 19, 2011","Sat","Louisiana Tech","24","@","Nevada","20"
"676","665","12","Nov 19, 2011","Sat","Louisville","34","@","Connecticut","20"
"677","666","12","Nov 19, 2011","Sat","Miami (FL)","6","@","South Florida","3"
"678","667","12","Nov 19, 2011","Sat","Michigan","45","","Nebraska","17"
"679","668","12","Nov 19, 2011","Sat","Michigan State","55","","Indiana","3"
"680","669","12","Nov 19, 2011","Sat","Missouri","31","","Texas Tech","27"
"681","670","12","Nov 19, 2011","Sat","North Carolina State","37","","Clemson","13"
"682","671","12","Nov 19, 2011","Sat","Northwestern","28","","Minnesota","13"
"683","672","12","Nov 19, 2011","Sat","Notre Dame","16","","Boston College","14"
"684","673","12","Nov 19, 2011","Sat","Oregon State","38","","Washington","21"
"685","674","12","Nov 19, 2011","Sat","Penn State","20","@","Ohio State","14"
"686","675","12","Nov 19, 2011","Sat","Rice","19","","Tulane","7"
"687","676","12","Nov 19, 2011","Sat","Rutgers","20","","Cincinnati","3"
"688","677","12","Nov 19, 2011","Sat","San Jose State","27","","Navy","24"
"689","678","12","Nov 19, 2011","Sat","South Carolina","41","","Non-Major","20"
"690","679","12","Nov 19, 2011","Sat","Southern California","38","@","Oregon","35"
"691","680","12","Nov 19, 2011","Sat","Stanford","31","","California","28"
"692","681","12","Nov 19, 2011","Sat","Temple","42","","Army","14"
"693","682","12","Nov 19, 2011","Sat","Tennessee","27","","Vanderbilt","21"
"694","683","12","Nov 19, 2011","Sat","Texas A&M","61","","Kansas","7"
"695","684","12","Nov 19, 2011","Sat","Texas Christian","34","","Colorado State","10"
"696","685","12","Nov 19, 2011","Sat","Troy","34","","Florida Atlantic","7"
"697","686","12","Nov 19, 2011","Sat","Tulsa","57","@","Texas-El Paso","28"
"698","687","12","Nov 19, 2011","Sat","UCLA","45","","Colorado","6"
"699","688","12","Nov 19, 2011","Sat","Utah","30","@","Washington State","27"
"700","689","12","Nov 19, 2011","Sat","Utah State","49","@","Idaho","42"
"701","690","12","Nov 19, 2011","Sat","Virginia","14","@","Florida State","13"
"702","691","12","Nov 19, 2011","Sat","Wake Forest","31","","Maryland","10"
"703","692","12","Nov 19, 2011","Sat","Western Kentucky","31","@","North Texas","21"
"704","693","12","Nov 19, 2011","Sat","Wisconsin","28","@","Illinois","17"
"705","694","12","Nov 19, 2011","Sat","Wyoming","31","","New Mexico","10"
"707","695","13","Nov 22, 2011","Tue","Ohio","21","","Miami (OH)","14"
"708","696","13","Nov 24, 2011","Thu","Texas","27","@","Texas A&M","25"
"709","697","13","Nov 25, 2011","Fri","Boston College","24","@","Miami (FL)","17"
"710","698","13","Nov 25, 2011","Fri","Bowling Green State","42","@","Buffalo","28"
"711","699","13","Nov 25, 2011","Fri","California","47","@","Arizona State","38"
"712","700","13","Nov 25, 2011","Fri","Central Florida","31","","Texas-El Paso","14"
"713","701","13","Nov 25, 2011","Fri","Colorado","17","@","Utah","14"
"714","702","13","Nov 25, 2011","Fri","Houston","48","@","Tulsa","16"
"715","703","13","Nov 25, 2011","Fri","Louisiana State","41","","Arkansas","17"
"716","704","13","Nov 25, 2011","Fri","Louisville","34","@","South Florida","24"
"717","705","13","Nov 25, 2011","Fri","Nebraska","20","","Iowa","7"
"718","706","13","Nov 25, 2011","Fri","Northern Illinois","18","","Eastern Michigan","12"
"719","707","13","Nov 25, 2011","Fri","Temple","34","","Kent State","16"
"720","708","13","Nov 25, 2011","Fri","Toledo","45","@","Ball State","28"
"721","709","13","Nov 25, 2011","Fri","West Virginia","21","","Pittsburgh","20"
"722","710","13","Nov 25, 2011","Fri","Western Michigan","68","","Akron","19"
"723","711","13","Nov 26, 2011","Sat","Air Force","45","@","Colorado State","21"
"724","712","13","Nov 26, 2011","Sat","Alabama","42","@","Auburn","14"
"725","713","13","Nov 26, 2011","Sat","Arizona","45","","Louisiana","37"
"726","714","13","Nov 26, 2011","Sat","Baylor","66","","Texas Tech","42"
"727","715","13","Nov 26, 2011","Sat","Boise State","36","","Wyoming","14"
"728","716","13","Nov 26, 2011","Sat","Cincinnati","30","@","Syracuse","13"
"729","717","13","Nov 26, 2011","Sat","Connecticut","40","","Rutgers","22"
"730","718","13","Nov 26, 2011","Sat","Florida Atlantic","38","","Alabama-Birmingham","35"
"731","719","13","Nov 26, 2011","Sat","Florida International","31","@","Middle Tennessee State","18"
"732","720","13","Nov 26, 2011","Sat","Florida State","21","@","Florida","7"
"733","721","13","Nov 26, 2011","Sat","Georgia","31","@","Georgia Tech","17"
"734","722","13","Nov 26, 2011","Sat","Hawaii","35","","Tulane","23"
"735","723","13","Nov 26, 2011","Sat","Kentucky","10","","Tennessee","7"
"736","724","13","Nov 26, 2011","Sat","Louisiana Tech","44","","New Mexico State","0"
"737","725","13","Nov 26, 2011","Sat","Marshall","34","","East Carolina","27"
"738","726","13","Nov 26, 2011","Sat","Michigan","40","","Ohio State","34"
"739","727","13","Nov 26, 2011","Sat","Michigan State","31","@","Northwestern","17"
"740","728","13","Nov 26, 2011","Sat","Minnesota","27","","Illinois","7"
"741","729","13","Nov 26, 2011","Sat","Mississippi State","31","","Mississippi","3"
"742","730","13","Nov 26, 2011","Sat","Missouri","24","","Kansas","10"
"743","731","13","Nov 26, 2011","Sat","North Carolina","37","","Duke","21"
"744","732","13","Nov 26, 2011","Sat","North Carolina State","56","","Maryland","41"
"745","733","13","Nov 26, 2011","Sat","Oklahoma","26","","Iowa State","6"
"746","734","13","Nov 26, 2011","Sat","Oregon","49","","Oregon State","21"
"747","735","13","Nov 26, 2011","Sat","Purdue","33","@","Indiana","25"
"748","736","13","Nov 26, 2011","Sat","San Diego State","31","@","Nevada-Las Vegas","14"
"749","737","13","Nov 26, 2011","Sat","San Jose State","27","@","Fresno State","24"
"750","738","13","Nov 26, 2011","Sat","South Carolina","34","","Clemson","13"
"751","739","13","Nov 26, 2011","Sat","Southern California","50","","UCLA","0"
"752","740","13","Nov 26, 2011","Sat","Southern Methodist","27","","Rice","24"
"753","741","13","Nov 26, 2011","Sat","Southern Mississippi","44","","Memphis","7"
"754","742","13","Nov 26, 2011","Sat","Stanford","28","","Notre Dame","14"
"755","743","13","Nov 26, 2011","Sat","Utah State","21","","Nevada","17"
"756","744","13","Nov 26, 2011","Sat","Vanderbilt","41","@","Wake Forest","7"
"757","745","13","Nov 26, 2011","Sat","Virginia Tech","38","@","Virginia","0"
"758","746","13","Nov 26, 2011","Sat","Washington","38","","Washington State","21"
"759","747","13","Nov 26, 2011","Sat","Western Kentucky","41","","Troy","18"
"760","748","13","Nov 26, 2011","Sat","Wisconsin","45","","Penn State","7"
"762","749","14","Dec 1, 2011","Thu","West Virginia","30","@","South Florida","27"
"763","750","14","Dec 2, 2011","Fri","Northern Illinois","23","","Ohio","20"
"764","751","14","Dec 2, 2011","Fri","Oregon","49","","UCLA","31"
"765","752","14","Dec 3, 2011","Sat","Arkansas State","45","","Troy","14"
"766","753","14","Dec 3, 2011","Sat","Baylor","48","","Texas","24"
"767","754","14","Dec 3, 2011","Sat","Boise State","45","","New Mexico","0"
"768","755","14","Dec 3, 2011","Sat","Brigham Young","41","@","Hawaii","20"
"769","756","14","Dec 3, 2011","Sat","Cincinnati","35","","Connecticut","27"
"770","757","14","Dec 3, 2011","Sat","Clemson","38","","Virginia Tech","10"
"771","758","14","Dec 3, 2011","Sat","Kansas State","30","","Iowa State","23"
"772","759","14","Dec 3, 2011","Sat","Louisiana State","42","","Georgia","10"
"773","760","14","Dec 3, 2011","Sat","Louisiana-Monroe","26","@","Florida Atlantic","0"
"774","761","14","Dec 3, 2011","Sat","Nevada","56","","Idaho","3"
"775","762","14","Dec 3, 2011","Sat","North Texas","59","","Middle Tennessee State","7"
"776","763","14","Dec 3, 2011","Sat","Oklahoma State","44","","Oklahoma","10"
"777","764","14","Dec 3, 2011","Sat","Pittsburgh","33","","Syracuse","20"
"778","765","14","Dec 3, 2011","Sat","San Diego State","35","","Fresno State","28"
"779","766","14","Dec 3, 2011","Sat","Southern Mississippi","49","@","Houston","28"
"780","767","14","Dec 3, 2011","Sat","Texas Christian","56","","Nevada-Las Vegas","9"
"781","768","14","Dec 3, 2011","Sat","Utah State","24","@","New Mexico State","21"
"782","769","14","Dec 3, 2011","Sat","Wyoming","22","@","Colorado State","19"
"784","770","15","Dec 10, 2011","Sat","Navy","27","","Army","21"
"786","771","16","Dec 17, 2011","Sat","Louisiana","32","","San Diego State","30"
"787","772","16","Dec 17, 2011","Sat","Ohio","24","","Utah State","23"
"788","773","16","Dec 17, 2011","Sat","Temple","37","","Wyoming","15"
"790","774","17","Dec 20, 2011","Tue","Marshall","20","","Florida International","10"
"791","775","17","Dec 21, 2011","Wed","Texas Christian","31","","Louisiana Tech","24"
"792","776","17","Dec 22, 2011","Thu","Boise State","56","","Arizona State","24"
"793","777","17","Dec 24, 2011","Sat","Southern Mississippi","24","","Nevada","17"
"794","778","17","Dec 26, 2011","Mon","Missouri","41","","North Carolina","24"
"796","779","18","Dec 27, 2011","Tue","North Carolina State","31","","Louisville","24"
"797","780","18","Dec 27, 2011","Tue","Purdue","37","","Western Michigan","32"
"798","781","18","Dec 28, 2011","Wed","Texas","21","","California","10"
"799","782","18","Dec 28, 2011","Wed","Toledo","42","","Air Force","41"
"800","783","18","Dec 29, 2011","Thu","Baylor","67","","Washington","56"
"801","784","18","Dec 29, 2011","Thu","Florida State","18","","Notre Dame","14"
"802","785","18","Dec 30, 2011","Fri","Brigham Young","24","","Tulsa","21"
"803","786","18","Dec 30, 2011","Fri","Mississippi State","23","","Wake Forest","17"
"804","787","18","Dec 30, 2011","Fri","Oklahoma","31","","Iowa","14"
"805","788","18","Dec 30, 2011","Fri","Rutgers","27","","Iowa State","13"
"806","789","18","Dec 31, 2011","Sat","Auburn","43","","Virginia","24"
"807","790","18","Dec 31, 2011","Sat","Cincinnati","31","","Vanderbilt","24"
"808","791","18","Dec 31, 2011","Sat","Illinois","20","","UCLA","14"
"809","792","18","Dec 31, 2011","Sat","Texas A&M","33","","Northwestern","22"
"810","793","18","Dec 31, 2011","Sat","Utah","30","","Georgia Tech","27"
"812","794","19","Jan 2, 2012","Mon","Florida","24","","Ohio State","17"
"813","795","19","Jan 2, 2012","Mon","Houston","30","","Penn State","14"
"814","796","19","Jan 2, 2012","Mon","Michigan State","33","","Georgia","30"
"815","797","19","Jan 2, 2012","Mon","Oklahoma State","41","","Stanford","38"
"816","798","19","Jan 2, 2012","Mon","Oregon","45","","Wisconsin","38"
"817","799","19","Jan 2, 2012","Mon","South Carolina","30","","Nebraska","13"
"819","800","20","Jan 3, 2012","Tue","Michigan","23","","Virginia Tech","20"
"820","801","20","Jan 4, 2012","Wed","West Virginia","70","","Clemson","33"
"821","802","20","Jan 6, 2012","Fri","Arkansas","29","","Kansas State","16"
"822","803","20","Jan 7, 2012","Sat","Southern Methodist","28","","Pittsburgh","6"
"823","804","20","Jan 8, 2012","Sun","Northern Illinois","38","","Arkansas State","20"
"824","805","20","Jan 9, 2012","Mon","Alabama","21","","Louisiana State","0"
